nohup: ignoring input
[[1;34mINFO[m] Scanning for projects...
[[1;34mINFO[m] 
[[1;34mINFO[m] [1m--------------------< [0;36mcom.jitendra:productService[0;1m >---------------------[m
[[1;34mINFO[m] [1mBuilding productService 0.0.1-SNAPSHOT[m
[[1;34mINFO[m]   from pom.xml
[[1;34mINFO[m] [1m--------------------------------[ jar ]---------------------------------[m
[[1;34mINFO[m] 
[[1;34mINFO[m] [1m>>> [0;32mspring-boot:3.3.3:run[m [1m(default-cli)[0;1m > [0;1mtest-compile[m @ [36mproductService[0;1m >>>[m
[[1;34mINFO[m] 
[[1;34mINFO[m] [1m--- [0;32mresources:3.3.1:resources[m [1m(default-resources)[m @ [36mproductService[0;1m ---[m
[[1;34mINFO[m] Copying 1 resource from src/main/resources to target/classes
[[1;34mINFO[m] Copying 0 resource from src/main/resources to target/classes
[[1;34mINFO[m] 
[[1;34mINFO[m] [1m--- [0;32mcompiler:3.13.0:compile[m [1m(default-compile)[m @ [36mproductService[0;1m ---[m
[[1;34mINFO[m] Recompiling the module because of [1madded or removed source files[m.
[[1;34mINFO[m] Compiling 24 source files with javac [debug parameters release 17] to target/classes
[[1;34mINFO[m] 
[[1;34mINFO[m] [1m--- [0;32mresources:3.3.1:testResources[m [1m(default-testResources)[m @ [36mproductService[0;1m ---[m
[[1;34mINFO[m] skip non existing resourceDirectory /home/jitendra/Documents/workspace-spring-tools-for-eclipse-4.31.0.RELEASE/productService/src/test/resources
[[1;34mINFO[m] 
[[1;34mINFO[m] [1m--- [0;32mcompiler:3.13.0:testCompile[m [1m(default-testCompile)[m @ [36mproductService[0;1m ---[m
[[1;34mINFO[m] Recompiling the module because of [1mchanged dependency[m.
[[1;34mINFO[m] Compiling 1 source file with javac [debug parameters release 17] to target/test-classes
[[1;34mINFO[m] 
[[1;34mINFO[m] [1m<<< [0;32mspring-boot:3.3.3:run[m [1m(default-cli)[0;1m < [0;1mtest-compile[m @ [36mproductService[0;1m <<<[m
[[1;34mINFO[m] 
[[1;34mINFO[m] 
[[1;34mINFO[m] [1m--- [0;32mspring-boot:3.3.3:run[m [1m(default-cli)[m @ [36mproductService[0;1m ---[m
[[1;34mINFO[m] Attaching agents: []

  .   ____          _            __ _ _
 /\\ / ___'_ __ _ _(_)_ __  __ _ \ \ \ \
( ( )\___ | '_ | '_| | '_ \/ _` | \ \ \ \
 \\/  ___)| |_)| | | | | || (_| |  ) ) ) )
  '  |____| .__|_| |_|_| |_\__, | / / / /
 =========|_|==============|___/=/_/_/_/

 :: Spring Boot ::                (v3.3.3)

2026-04-25T12:36:04.153+05:30  INFO 63300 --- [product-service] [  restartedMain] c.j.p.ProductServiceApplication          : Starting ProductServiceApplication using Java 17.0.16 with PID 63300 (/home/jitendra/Documents/workspace-spring-tools-for-eclipse-4.31.0.RELEASE/productService/target/classes started by jitendra in /home/jitendra/Documents/workspace-spring-tools-for-eclipse-4.31.0.RELEASE/productService)
2026-04-25T12:36:04.154+05:30  INFO 63300 --- [product-service] [  restartedMain] c.j.p.ProductServiceApplication          : No active profile set, falling back to 1 default profile: "default"
2026-04-25T12:36:04.180+05:30  INFO 63300 --- [product-service] [  restartedMain] o.s.c.c.c.ConfigServerConfigDataLoader   : Fetching config from server at : http://localhost:8092
2026-04-25T12:36:04.180+05:30  INFO 63300 --- [product-service] [  restartedMain] o.s.c.c.c.ConfigServerConfigDataLoader   : Located environment: name=product-service, profiles=[default], label=null, version=5f65aad33b54e4d2b9a90c3557fc0a5641f31103, state=null
2026-04-25T12:36:04.182+05:30  INFO 63300 --- [product-service] [  restartedMain] .e.DevToolsPropertyDefaultsPostProcessor : Devtools property defaults active! Set 'spring.devtools.add-properties' to 'false' to disable
2026-04-25T12:36:04.182+05:30  INFO 63300 --- [product-service] [  restartedMain] .e.DevToolsPropertyDefaultsPostProcessor : For additional web related logging consider setting the 'logging.level.web' property to 'DEBUG'
2026-04-25T12:36:04.729+05:30  INFO 63300 --- [product-service] [  restartedMain] .s.d.r.c.RepositoryConfigurationDelegate : Bootstrapping Spring Data MongoDB repositories in DEFAULT mode.
2026-04-25T12:36:04.820+05:30  INFO 63300 --- [product-service] [  restartedMain] .s.d.r.c.RepositoryConfigurationDelegate : Finished Spring Data repository scanning in 88 ms. Found 1 MongoDB repository interface.
2026-04-25T12:36:04.995+05:30  INFO 63300 --- [product-service] [  restartedMain] o.s.cloud.context.scope.GenericScope     : BeanFactory id=313ba32f-59ad-3868-a18d-88fb7dbbf991
2026-04-25T12:36:05.053+05:30  WARN 63300 --- [product-service] [  restartedMain] trationDelegate$BeanPostProcessorChecker : Bean 'org.springframework.cloud.client.loadbalancer.LoadBalancerAutoConfiguration$DeferringLoadBalancerInterceptorConfig' of type [org.springframework.cloud.client.loadbalancer.LoadBalancerAutoConfiguration$DeferringLoadBalancerInterceptorConfig] is not eligible for getting processed by all BeanPostProcessors (for example: not eligible for auto-proxying). The currently created BeanPostProcessor [lbRestClientPostProcessor] is declared through a non-static factory method on that class; consider declaring it as static instead.
2026-04-25T12:36:05.055+05:30  WARN 63300 --- [product-service] [  restartedMain] trationDelegate$BeanPostProcessorChecker : Bean 'deferringLoadBalancerInterceptor' of type [org.springframework.cloud.client.loadbalancer.DeferringLoadBalancerInterceptor] is not eligible for getting processed by all BeanPostProcessors (for example: not eligible for auto-proxying). Is this bean getting eagerly injected into a currently created BeanPostProcessor [lbRestClientPostProcessor]? Check the corresponding BeanPostProcessor declaration and its dependencies.
2026-04-25T12:36:05.361+05:30  INFO 63300 --- [product-service] [  restartedMain] o.s.b.w.embedded.tomcat.TomcatWebServer  : Tomcat initialized with port 8084 (http)
2026-04-25T12:36:05.373+05:30  INFO 63300 --- [product-service] [  restartedMain] o.apache.catalina.core.StandardService   : Starting service [Tomcat]
2026-04-25T12:36:05.374+05:30  INFO 63300 --- [product-service] [  restartedMain] o.apache.catalina.core.StandardEngine    : Starting Servlet engine: [Apache Tomcat/10.1.28]
2026-04-25T12:36:05.427+05:30  INFO 63300 --- [product-service] [  restartedMain] o.a.c.c.C.[Tomcat].[localhost].[/]       : Initializing Spring embedded WebApplicationContext
2026-04-25T12:36:05.428+05:30  INFO 63300 --- [product-service] [  restartedMain] w.s.c.ServletWebServerApplicationContext : Root WebApplicationContext: initialization completed in 1245 ms
2026-04-25T12:36:05.678+05:30  INFO 63300 --- [product-service] [  restartedMain] org.mongodb.driver.client                : MongoClient with metadata {"driver": {"name": "mongo-java-driver|sync|spring-boot", "version": "5.0.1"}, "os": {"type": "Linux", "name": "Linux", "architecture": "amd64", "version": "6.14.0-33-generic"}, "platform": "Java/Ubuntu/17.0.16+8-Ubuntu-0ubuntu125.04.1"} created with settings MongoClientSettings{readPreference=primary, writeConcern=WriteConcern{w=null, wTimeout=null ms, journal=null}, retryWrites=true, retryReads=true, readConcern=ReadConcern{level=null}, credential=MongoCredential{mechanism=null, userName='admin', source='admin', password=<hidden>, mechanismProperties=<hidden>}, transportSettings=null, commandListeners=[], codecRegistry=ProvidersCodecRegistry{codecProviders=[ValueCodecProvider{}, BsonValueCodecProvider{}, DBRefCodecProvider{}, DBObjectCodecProvider{}, DocumentCodecProvider{}, CollectionCodecProvider{}, IterableCodecProvider{}, MapCodecProvider{}, GeoJsonCodecProvider{}, GridFSFileCodecProvider{}, Jsr310CodecProvider{}, JsonObjectCodecProvider{}, BsonCodecProvider{}, EnumCodecProvider{}, com.mongodb.client.model.mql.ExpressionCodecProvider@2e849adc, com.mongodb.Jep395RecordCodecProvider@5ce3f3a2, com.mongodb.KotlinCodecProvider@8305]}, loggerSettings=LoggerSettings{maxDocumentLength=1000}, clusterSettings={hosts=[localhost:27017], srvServiceName=mongodb, mode=SINGLE, requiredClusterType=UNKNOWN, requiredReplicaSetName='null', serverSelector='null', clusterListeners='[]', serverSelectionTimeout='30000 ms', localThreshold='15 ms'}, socketSettings=SocketSettings{connectTimeoutMS=10000, readTimeoutMS=0, receiveBufferSize=0, proxySettings=ProxySettings{host=null, port=null, username=null, password=null}}, heartbeatSocketSettings=SocketSettings{connectTimeoutMS=10000, readTimeoutMS=10000, receiveBufferSize=0, proxySettings=ProxySettings{host=null, port=null, username=null, password=null}}, connectionPoolSettings=ConnectionPoolSettings{maxSize=100, minSize=0, maxWaitTimeMS=120000, maxConnectionLifeTimeMS=0, maxConnectionIdleTimeMS=0, maintenanceInitialDelayMS=0, maintenanceFrequencyMS=60000, connectionPoolListeners=[], maxConnecting=2}, serverSettings=ServerSettings{heartbeatFrequencyMS=10000, minHeartbeatFrequencyMS=500, serverListeners='[]', serverMonitorListeners='[]'}, sslSettings=SslSettings{enabled=false, invalidHostNameAllowed=false, context=null}, applicationName='null', compressorList=[], uuidRepresentation=JAVA_LEGACY, serverApi=null, autoEncryptionSettings=null, dnsClient=null, inetAddressResolver=null, contextProvider=null}
2026-04-25T12:36:05.729+05:30  INFO 63300 --- [product-service] [localhost:27017] org.mongodb.driver.cluster               : Monitor thread successfully connected to server with description ServerDescription{address=localhost:27017, type=STANDALONE, state=CONNECTED, ok=true, minWireVersion=0, maxWireVersion=27, maxDocumentSize=16777216, logicalSessionTimeoutMinutes=30, roundTripTimeNanos=60803890}
2026-04-25T12:36:05.825+05:30  WARN 63300 --- [product-service] [  restartedMain] o.s.b.d.a.OptionalLiveReloadServer       : Unable to start LiveReload server
2026-04-25T12:36:06.398+05:30  WARN 63300 --- [product-service] [  restartedMain] .s.s.UserDetailsServiceAutoConfiguration : 

Using generated security password: a64256d8-b10a-4621-bf5e-a58873895624

This generated password is for development use only. Your security configuration must be updated before running your application in production.

2026-04-25T12:36:06.413+05:30  INFO 63300 --- [product-service] [  restartedMain] r$InitializeUserDetailsManagerConfigurer : Global AuthenticationManager configured with UserDetailsService bean with name inMemoryUserDetailsManager
2026-04-25T12:36:06.882+05:30  INFO 63300 --- [product-service] [  restartedMain] DiscoveryClientOptionalArgsConfiguration : Eureka HTTP Client uses RestTemplate.
2026-04-25T12:36:06.915+05:30  WARN 63300 --- [product-service] [  restartedMain] iguration$LoadBalancerCaffeineWarnLogger : Spring Cloud LoadBalancer is currently working with the default cache. While this cache implementation is useful for development and tests, it's recommended to use Caffeine cache in production.You can switch to using Caffeine cache, by adding it and org.springframework.cache.caffeine.CaffeineCacheManager to the classpath.
2026-04-25T12:36:06.973+05:30  INFO 63300 --- [product-service] [  restartedMain] o.a.k.clients.consumer.ConsumerConfig    : ConsumerConfig values: 
	allow.auto.create.topics = true
	auto.commit.interval.ms = 5000
	auto.include.jmx.reporter = true
	auto.offset.reset = earliest
	bootstrap.servers = [localhost:9092]
	check.crcs = true
	client.dns.lookup = use_all_dns_ips
	client.id = consumer-product-group-1
	client.rack = 
	connections.max.idle.ms = 540000
	default.api.timeout.ms = 60000
	enable.auto.commit = false
	enable.metrics.push = true
	exclude.internal.topics = true
	fetch.max.bytes = 52428800
	fetch.max.wait.ms = 500
	fetch.min.bytes = 1
	group.id = product-group
	group.instance.id = null
	group.protocol = classic
	group.remote.assignor = null
	heartbeat.interval.ms = 3000
	interceptor.classes = []
	internal.leave.group.on.close = true
	internal.throw.on.fetch.stable.offset.unsupported = false
	isolation.level = read_uncommitted
	key.deserializer = class org.apache.kafka.common.serialization.StringDeserializer
	max.partition.fetch.bytes = 1048576
	max.poll.interval.ms = 300000
	max.poll.records = 500
	metadata.max.age.ms = 300000
	metric.reporters = []
	metrics.num.samples = 2
	metrics.recording.level = INFO
	metrics.sample.window.ms = 30000
	partition.assignment.strategy = [class org.apache.kafka.clients.consumer.RangeAssignor, class org.apache.kafka.clients.consumer.CooperativeStickyAssignor]
	receive.buffer.bytes = 65536
	reconnect.backoff.max.ms = 1000
	reconnect.backoff.ms = 50
	request.timeout.ms = 30000
	retry.backoff.max.ms = 1000
	retry.backoff.ms = 100
	sasl.client.callback.handler.class = null
	sasl.jaas.config = null
	sasl.kerberos.kinit.cmd = /usr/bin/kinit
	sasl.kerberos.min.time.before.relogin = 60000
	sasl.kerberos.service.name = null
	sasl.kerberos.ticket.renew.jitter = 0.05
	sasl.kerberos.ticket.renew.window.factor = 0.8
	sasl.login.callback.handler.class = null
	sasl.login.class = null
	sasl.login.connect.timeout.ms = null
	sasl.login.read.timeout.ms = null
	sasl.login.refresh.buffer.seconds = 300
	sasl.login.refresh.min.period.seconds = 60
	sasl.login.refresh.window.factor = 0.8
	sasl.login.refresh.window.jitter = 0.05
	sasl.login.retry.backoff.max.ms = 10000
	sasl.login.retry.backoff.ms = 100
	sasl.mechanism = GSSAPI
	sasl.oauthbearer.clock.skew.seconds = 30
	sasl.oauthbearer.expected.audience = null
	sasl.oauthbearer.expected.issuer = null
	sasl.oauthbearer.jwks.endpoint.refresh.ms = 3600000
	sasl.oauthbearer.jwks.endpoint.retry.backoff.max.ms = 10000
	sasl.oauthbearer.jwks.endpoint.retry.backoff.ms = 100
	sasl.oauthbearer.jwks.endpoint.url = null
	sasl.oauthbearer.scope.claim.name = scope
	sasl.oauthbearer.sub.claim.name = sub
	sasl.oauthbearer.token.endpoint.url = null
	security.protocol = PLAINTEXT
	security.providers = null
	send.buffer.bytes = 131072
	session.timeout.ms = 45000
	socket.connection.setup.timeout.max.ms = 30000
	socket.connection.setup.timeout.ms = 10000
	ssl.cipher.suites = null
	ssl.enabled.protocols = [TLSv1.2, TLSv1.3]
	ssl.endpoint.identification.algorithm = https
	ssl.engine.factory.class = null
	ssl.key.password = null
	ssl.keymanager.algorithm = SunX509
	ssl.keystore.certificate.chain = null
	ssl.keystore.key = null
	ssl.keystore.location = null
	ssl.keystore.password = null
	ssl.keystore.type = JKS
	ssl.protocol = TLSv1.3
	ssl.provider = null
	ssl.secure.random.implementation = null
	ssl.trustmanager.algorithm = PKIX
	ssl.truststore.certificates = null
	ssl.truststore.location = null
	ssl.truststore.password = null
	ssl.truststore.type = JKS
	value.deserializer = class org.springframework.kafka.support.serializer.JsonDeserializer

2026-04-25T12:36:07.010+05:30  INFO 63300 --- [product-service] [  restartedMain] o.a.k.c.t.i.KafkaMetricsCollector        : initializing Kafka metrics collector
2026-04-25T12:36:07.104+05:30  INFO 63300 --- [product-service] [  restartedMain] o.a.kafka.common.utils.AppInfoParser     : Kafka version: 3.7.1
2026-04-25T12:36:07.105+05:30  INFO 63300 --- [product-service] [  restartedMain] o.a.kafka.common.utils.AppInfoParser     : Kafka commitId: e2494e6ffb89f828
2026-04-25T12:36:07.105+05:30  INFO 63300 --- [product-service] [  restartedMain] o.a.kafka.common.utils.AppInfoParser     : Kafka startTimeMs: 1777100767103
2026-04-25T12:36:07.107+05:30  INFO 63300 --- [product-service] [  restartedMain] o.a.k.c.c.internals.LegacyKafkaConsumer  : [Consumer clientId=consumer-product-group-1, groupId=product-group] Subscribed to topic(s): inventory-created
2026-04-25T12:36:07.122+05:30  INFO 63300 --- [product-service] [  restartedMain] o.s.c.n.eureka.InstanceInfoFactory       : Setting initial instance status as: STARTING
2026-04-25T12:36:07.146+05:30  INFO 63300 --- [product-service] [  restartedMain] com.netflix.discovery.DiscoveryClient    : Initializing Eureka in region us-east-1
2026-04-25T12:36:07.149+05:30  INFO 63300 --- [product-service] [  restartedMain] c.n.d.s.r.aws.ConfigClusterResolver      : Resolving eureka endpoints via configuration
2026-04-25T12:36:07.156+05:30  INFO 63300 --- [product-service] [  restartedMain] com.netflix.discovery.DiscoveryClient    : Disable delta property : false
2026-04-25T12:36:07.156+05:30  INFO 63300 --- [product-service] [  restartedMain] com.netflix.discovery.DiscoveryClient    : Single vip registry refresh property : null
2026-04-25T12:36:07.156+05:30  INFO 63300 --- [product-service] [  restartedMain] com.netflix.discovery.DiscoveryClient    : Force full registry fetch : false
2026-04-25T12:36:07.156+05:30  INFO 63300 --- [product-service] [  restartedMain] com.netflix.discovery.DiscoveryClient    : Application is null : false
2026-04-25T12:36:07.156+05:30  INFO 63300 --- [product-service] [  restartedMain] com.netflix.discovery.DiscoveryClient    : Registered Applications size is zero : true
2026-04-25T12:36:07.156+05:30  INFO 63300 --- [product-service] [  restartedMain] com.netflix.discovery.DiscoveryClient    : Application version is -1: true
2026-04-25T12:36:07.156+05:30  INFO 63300 --- [product-service] [  restartedMain] com.netflix.discovery.DiscoveryClient    : Getting all instance registry info from the eureka server
2026-04-25T12:36:07.360+05:30  INFO 63300 --- [product-service] [  restartedMain] com.netflix.discovery.DiscoveryClient    : The response status is 200
2026-04-25T12:36:07.361+05:30  INFO 63300 --- [product-service] [  restartedMain] com.netflix.discovery.DiscoveryClient    : Starting heartbeat executor: renew interval is: 30
2026-04-25T12:36:07.363+05:30  INFO 63300 --- [product-service] [  restartedMain] c.n.discovery.InstanceInfoReplicator     : InstanceInfoReplicator onDemand update allowed rate per min is 4
2026-04-25T12:36:07.364+05:30  INFO 63300 --- [product-service] [  restartedMain] com.netflix.discovery.DiscoveryClient    : Discovery Client initialized at timestamp 1777100767364 with initial instances count: 10
2026-04-25T12:36:07.367+05:30  INFO 63300 --- [product-service] [  restartedMain] o.s.c.n.e.s.EurekaServiceRegistry        : Registering application PRODUCT-SERVICE with eureka with status UP
2026-04-25T12:36:07.368+05:30  INFO 63300 --- [product-service] [  restartedMain] com.netflix.discovery.DiscoveryClient    : Saw local status change event StatusChangeEvent [timestamp=1777100767368, current=UP, previous=STARTING]
2026-04-25T12:36:07.370+05:30  INFO 63300 --- [product-service] [foReplicator-%d] com.netflix.discovery.DiscoveryClient    : DiscoveryClient_PRODUCT-SERVICE/10.96.131.185:product-service:8084: registering service...
2026-04-25T12:36:07.392+05:30  INFO 63300 --- [product-service] [  restartedMain] o.s.b.w.embedded.tomcat.TomcatWebServer  : Tomcat started on port 8084 (http) with context path '/'
2026-04-25T12:36:07.393+05:30  INFO 63300 --- [product-service] [Container-0-C-1] org.apache.kafka.clients.Metadata        : [Consumer clientId=consumer-product-group-1, groupId=product-group] Cluster ID: MkU3OEVBNTcwNTJENDM2Qg
2026-04-25T12:36:07.393+05:30  INFO 63300 --- [product-service] [  restartedMain] .s.c.n.e.s.EurekaAutoServiceRegistration : Updating port to 8084
2026-04-25T12:36:07.394+05:30  INFO 63300 --- [product-service] [Container-0-C-1] o.a.k.c.c.internals.ConsumerCoordinator  : [Consumer clientId=consumer-product-group-1, groupId=product-group] Discovered group coordinator localhost:9092 (id: 2147483646 rack: null)
2026-04-25T12:36:07.396+05:30  INFO 63300 --- [product-service] [Container-0-C-1] o.a.k.c.c.internals.ConsumerCoordinator  : [Consumer clientId=consumer-product-group-1, groupId=product-group] (Re-)joining group
2026-04-25T12:36:07.410+05:30  INFO 63300 --- [product-service] [Container-0-C-1] o.a.k.c.c.internals.ConsumerCoordinator  : [Consumer clientId=consumer-product-group-1, groupId=product-group] Request joining group due to: need to re-join with the given member-id: consumer-product-group-1-7c21c88e-e829-4383-b3df-d52499b945fa
2026-04-25T12:36:07.411+05:30  INFO 63300 --- [product-service] [Container-0-C-1] o.a.k.c.c.internals.ConsumerCoordinator  : [Consumer clientId=consumer-product-group-1, groupId=product-group] (Re-)joining group
2026-04-25T12:36:07.411+05:30  INFO 63300 --- [product-service] [foReplicator-%d] com.netflix.discovery.DiscoveryClient    : DiscoveryClient_PRODUCT-SERVICE/10.96.131.185:product-service:8084 - registration status: 204
2026-04-25T12:36:07.476+05:30  INFO 63300 --- [product-service] [  restartedMain] o.a.k.clients.consumer.ConsumerConfig    : ConsumerConfig values: 
	allow.auto.create.topics = true
	auto.commit.interval.ms = 5000
	auto.include.jmx.reporter = true
	auto.offset.reset = earliest
	bootstrap.servers = [localhost:9092]
	check.crcs = true
	client.dns.lookup = use_all_dns_ips
	client.id = consumer-product-group-2
	client.rack = 
	connections.max.idle.ms = 540000
	default.api.timeout.ms = 60000
	enable.auto.commit = false
	enable.metrics.push = true
	exclude.internal.topics = true
	fetch.max.bytes = 52428800
	fetch.max.wait.ms = 500
	fetch.min.bytes = 1
	group.id = product-group
	group.instance.id = null
	group.protocol = classic
	group.remote.assignor = null
	heartbeat.interval.ms = 3000
	interceptor.classes = []
	internal.leave.group.on.close = true
	internal.throw.on.fetch.stable.offset.unsupported = false
	isolation.level = read_uncommitted
	key.deserializer = class org.apache.kafka.common.serialization.StringDeserializer
	max.partition.fetch.bytes = 1048576
	max.poll.interval.ms = 300000
	max.poll.records = 500
	metadata.max.age.ms = 300000
	metric.reporters = []
	metrics.num.samples = 2
	metrics.recording.level = INFO
	metrics.sample.window.ms = 30000
	partition.assignment.strategy = [class org.apache.kafka.clients.consumer.RangeAssignor, class org.apache.kafka.clients.consumer.CooperativeStickyAssignor]
	receive.buffer.bytes = 65536
	reconnect.backoff.max.ms = 1000
	reconnect.backoff.ms = 50
	request.timeout.ms = 30000
	retry.backoff.max.ms = 1000
	retry.backoff.ms = 100
	sasl.client.callback.handler.class = null
	sasl.jaas.config = null
	sasl.kerberos.kinit.cmd = /usr/bin/kinit
	sasl.kerberos.min.time.before.relogin = 60000
	sasl.kerberos.service.name = null
	sasl.kerberos.ticket.renew.jitter = 0.05
	sasl.kerberos.ticket.renew.window.factor = 0.8
	sasl.login.callback.handler.class = null
	sasl.login.class = null
	sasl.login.connect.timeout.ms = null
	sasl.login.read.timeout.ms = null
	sasl.login.refresh.buffer.seconds = 300
	sasl.login.refresh.min.period.seconds = 60
	sasl.login.refresh.window.factor = 0.8
	sasl.login.refresh.window.jitter = 0.05
	sasl.login.retry.backoff.max.ms = 10000
	sasl.login.retry.backoff.ms = 100
	sasl.mechanism = GSSAPI
	sasl.oauthbearer.clock.skew.seconds = 30
	sasl.oauthbearer.expected.audience = null
	sasl.oauthbearer.expected.issuer = null
	sasl.oauthbearer.jwks.endpoint.refresh.ms = 3600000
	sasl.oauthbearer.jwks.endpoint.retry.backoff.max.ms = 10000
	sasl.oauthbearer.jwks.endpoint.retry.backoff.ms = 100
	sasl.oauthbearer.jwks.endpoint.url = null
	sasl.oauthbearer.scope.claim.name = scope
	sasl.oauthbearer.sub.claim.name = sub
	sasl.oauthbearer.token.endpoint.url = null
	security.protocol = PLAINTEXT
	security.providers = null
	send.buffer.bytes = 131072
	session.timeout.ms = 45000
	socket.connection.setup.timeout.max.ms = 30000
	socket.connection.setup.timeout.ms = 10000
	ssl.cipher.suites = null
	ssl.enabled.protocols = [TLSv1.2, TLSv1.3]
	ssl.endpoint.identification.algorithm = https
	ssl.engine.factory.class = null
	ssl.key.password = null
	ssl.keymanager.algorithm = SunX509
	ssl.keystore.certificate.chain = null
	ssl.keystore.key = null
	ssl.keystore.location = null
	ssl.keystore.password = null
	ssl.keystore.type = JKS
	ssl.protocol = TLSv1.3
	ssl.provider = null
	ssl.secure.random.implementation = null
	ssl.trustmanager.algorithm = PKIX
	ssl.truststore.certificates = null
	ssl.truststore.location = null
	ssl.truststore.password = null
	ssl.truststore.type = JKS
	value.deserializer = class org.springframework.kafka.support.serializer.JsonDeserializer

2026-04-25T12:36:07.477+05:30  INFO 63300 --- [product-service] [  restartedMain] o.a.k.c.t.i.KafkaMetricsCollector        : initializing Kafka metrics collector
2026-04-25T12:36:07.481+05:30  INFO 63300 --- [product-service] [  restartedMain] o.a.kafka.common.utils.AppInfoParser     : Kafka version: 3.7.1
2026-04-25T12:36:07.481+05:30  INFO 63300 --- [product-service] [  restartedMain] o.a.kafka.common.utils.AppInfoParser     : Kafka commitId: e2494e6ffb89f828
2026-04-25T12:36:07.481+05:30  INFO 63300 --- [product-service] [  restartedMain] o.a.kafka.common.utils.AppInfoParser     : Kafka startTimeMs: 1777100767481
2026-04-25T12:36:07.481+05:30  INFO 63300 --- [product-service] [  restartedMain] o.a.k.c.c.internals.LegacyKafkaConsumer  : [Consumer clientId=consumer-product-group-2, groupId=product-group] Subscribed to topic(s): inventory-response
2026-04-25T12:36:07.482+05:30  INFO 63300 --- [product-service] [  restartedMain] o.a.k.clients.consumer.ConsumerConfig    : ConsumerConfig values: 
	allow.auto.create.topics = true
	auto.commit.interval.ms = 5000
	auto.include.jmx.reporter = true
	auto.offset.reset = earliest
	bootstrap.servers = [localhost:9092]
	check.crcs = true
	client.dns.lookup = use_all_dns_ips
	client.id = consumer-product-group-3
	client.rack = 
	connections.max.idle.ms = 540000
	default.api.timeout.ms = 60000
	enable.auto.commit = false
	enable.metrics.push = true
	exclude.internal.topics = true
	fetch.max.bytes = 52428800
	fetch.max.wait.ms = 500
	fetch.min.bytes = 1
	group.id = product-group
	group.instance.id = null
	group.protocol = classic
	group.remote.assignor = null
	heartbeat.interval.ms = 3000
	interceptor.classes = []
	internal.leave.group.on.close = true
	internal.throw.on.fetch.stable.offset.unsupported = false
	isolation.level = read_uncommitted
	key.deserializer = class org.apache.kafka.common.serialization.StringDeserializer
	max.partition.fetch.bytes = 1048576
	max.poll.interval.ms = 300000
	max.poll.records = 500
	metadata.max.age.ms = 300000
	metric.reporters = []
	metrics.num.samples = 2
	metrics.recording.level = INFO
	metrics.sample.window.ms = 30000
	partition.assignment.strategy = [class org.apache.kafka.clients.consumer.RangeAssignor, class org.apache.kafka.clients.consumer.CooperativeStickyAssignor]
	receive.buffer.bytes = 65536
	reconnect.backoff.max.ms = 1000
	reconnect.backoff.ms = 50
	request.timeout.ms = 30000
	retry.backoff.max.ms = 1000
	retry.backoff.ms = 100
	sasl.client.callback.handler.class = null
	sasl.jaas.config = null
	sasl.kerberos.kinit.cmd = /usr/bin/kinit
	sasl.kerberos.min.time.before.relogin = 60000
	sasl.kerberos.service.name = null
	sasl.kerberos.ticket.renew.jitter = 0.05
	sasl.kerberos.ticket.renew.window.factor = 0.8
	sasl.login.callback.handler.class = null
	sasl.login.class = null
	sasl.login.connect.timeout.ms = null
	sasl.login.read.timeout.ms = null
	sasl.login.refresh.buffer.seconds = 300
	sasl.login.refresh.min.period.seconds = 60
	sasl.login.refresh.window.factor = 0.8
	sasl.login.refresh.window.jitter = 0.05
	sasl.login.retry.backoff.max.ms = 10000
	sasl.login.retry.backoff.ms = 100
	sasl.mechanism = GSSAPI
	sasl.oauthbearer.clock.skew.seconds = 30
	sasl.oauthbearer.expected.audience = null
	sasl.oauthbearer.expected.issuer = null
	sasl.oauthbearer.jwks.endpoint.refresh.ms = 3600000
	sasl.oauthbearer.jwks.endpoint.retry.backoff.max.ms = 10000
	sasl.oauthbearer.jwks.endpoint.retry.backoff.ms = 100
	sasl.oauthbearer.jwks.endpoint.url = null
	sasl.oauthbearer.scope.claim.name = scope
	sasl.oauthbearer.sub.claim.name = sub
	sasl.oauthbearer.token.endpoint.url = null
	security.protocol = PLAINTEXT
	security.providers = null
	send.buffer.bytes = 131072
	session.timeout.ms = 45000
	socket.connection.setup.timeout.max.ms = 30000
	socket.connection.setup.timeout.ms = 10000
	ssl.cipher.suites = null
	ssl.enabled.protocols = [TLSv1.2, TLSv1.3]
	ssl.endpoint.identification.algorithm = https
	ssl.engine.factory.class = null
	ssl.key.password = null
	ssl.keymanager.algorithm = SunX509
	ssl.keystore.certificate.chain = null
	ssl.keystore.key = null
	ssl.keystore.location = null
	ssl.keystore.password = null
	ssl.keystore.type = JKS
	ssl.protocol = TLSv1.3
	ssl.provider = null
	ssl.secure.random.implementation = null
	ssl.trustmanager.algorithm = PKIX
	ssl.truststore.certificates = null
	ssl.truststore.location = null
	ssl.truststore.password = null
	ssl.truststore.type = JKS
	value.deserializer = class org.springframework.kafka.support.serializer.JsonDeserializer

2026-04-25T12:36:07.482+05:30  INFO 63300 --- [product-service] [  restartedMain] o.a.k.c.t.i.KafkaMetricsCollector        : initializing Kafka metrics collector
2026-04-25T12:36:07.485+05:30  INFO 63300 --- [product-service] [  restartedMain] o.a.kafka.common.utils.AppInfoParser     : Kafka version: 3.7.1
2026-04-25T12:36:07.486+05:30  INFO 63300 --- [product-service] [  restartedMain] o.a.kafka.common.utils.AppInfoParser     : Kafka commitId: e2494e6ffb89f828
2026-04-25T12:36:07.486+05:30  INFO 63300 --- [product-service] [  restartedMain] o.a.kafka.common.utils.AppInfoParser     : Kafka startTimeMs: 1777100767485
2026-04-25T12:36:07.486+05:30  INFO 63300 --- [product-service] [  restartedMain] o.a.k.c.c.internals.LegacyKafkaConsumer  : [Consumer clientId=consumer-product-group-3, groupId=product-group] Subscribed to topic(s): add-to-cart
2026-04-25T12:36:07.487+05:30  INFO 63300 --- [product-service] [ntainer#0-0-C-1] org.apache.kafka.clients.Metadata        : [Consumer clientId=consumer-product-group-2, groupId=product-group] Cluster ID: MkU3OEVBNTcwNTJENDM2Qg
2026-04-25T12:36:07.487+05:30  INFO 63300 --- [product-service] [ntainer#0-0-C-1] o.a.k.c.c.internals.ConsumerCoordinator  : [Consumer clientId=consumer-product-group-2, groupId=product-group] Discovered group coordinator localhost:9092 (id: 2147483646 rack: null)
2026-04-25T12:36:07.488+05:30  INFO 63300 --- [product-service] [ntainer#0-0-C-1] o.a.k.c.c.internals.ConsumerCoordinator  : [Consumer clientId=consumer-product-group-2, groupId=product-group] (Re-)joining group
2026-04-25T12:36:07.490+05:30  INFO 63300 --- [product-service] [ntainer#1-0-C-1] org.apache.kafka.clients.Metadata        : [Consumer clientId=consumer-product-group-3, groupId=product-group] Cluster ID: MkU3OEVBNTcwNTJENDM2Qg
2026-04-25T12:36:07.491+05:30  INFO 63300 --- [product-service] [ntainer#1-0-C-1] o.a.k.c.c.internals.ConsumerCoordinator  : [Consumer clientId=consumer-product-group-3, groupId=product-group] Discovered group coordinator localhost:9092 (id: 2147483646 rack: null)
2026-04-25T12:36:07.491+05:30  INFO 63300 --- [product-service] [ntainer#1-0-C-1] o.a.k.c.c.internals.ConsumerCoordinator  : [Consumer clientId=consumer-product-group-3, groupId=product-group] (Re-)joining group
2026-04-25T12:36:07.492+05:30  INFO 63300 --- [product-service] [ntainer#0-0-C-1] o.a.k.c.c.internals.ConsumerCoordinator  : [Consumer clientId=consumer-product-group-2, groupId=product-group] Request joining group due to: need to re-join with the given member-id: consumer-product-group-2-6282046d-4a8d-436e-87f0-909d58d30898
2026-04-25T12:36:07.493+05:30  INFO 63300 --- [product-service] [ntainer#0-0-C-1] o.a.k.c.c.internals.ConsumerCoordinator  : [Consumer clientId=consumer-product-group-2, groupId=product-group] (Re-)joining group
2026-04-25T12:36:07.494+05:30  INFO 63300 --- [product-service] [ntainer#1-0-C-1] o.a.k.c.c.internals.ConsumerCoordinator  : [Consumer clientId=consumer-product-group-3, groupId=product-group] Request joining group due to: need to re-join with the given member-id: consumer-product-group-3-658462fb-9c23-47de-a036-9fcabc63767f
2026-04-25T12:36:07.495+05:30  INFO 63300 --- [product-service] [ntainer#1-0-C-1] o.a.k.c.c.internals.ConsumerCoordinator  : [Consumer clientId=consumer-product-group-3, groupId=product-group] (Re-)joining group
2026-04-25T12:36:07.496+05:30  INFO 63300 --- [product-service] [  restartedMain] c.j.p.ProductServiceApplication          : Started ProductServiceApplication in 5.461 seconds (process running for 5.844)
2026-04-25T12:36:13.437+05:30  INFO 63300 --- [product-service] [ntainer#0-0-C-1] o.a.k.c.c.internals.ConsumerCoordinator  : [Consumer clientId=consumer-product-group-2, groupId=product-group] Successfully joined group with generation Generation{generationId=1, memberId='consumer-product-group-2-6282046d-4a8d-436e-87f0-909d58d30898', protocol='range'}
2026-04-25T12:36:13.437+05:30  INFO 63300 --- [product-service] [Container-0-C-1] o.a.k.c.c.internals.ConsumerCoordinator  : [Consumer clientId=consumer-product-group-1, groupId=product-group] Successfully joined group with generation Generation{generationId=1, memberId='consumer-product-group-1-7c21c88e-e829-4383-b3df-d52499b945fa', protocol='range'}
2026-04-25T12:36:13.437+05:30  INFO 63300 --- [product-service] [ntainer#1-0-C-1] o.a.k.c.c.internals.ConsumerCoordinator  : [Consumer clientId=consumer-product-group-3, groupId=product-group] Successfully joined group with generation Generation{generationId=1, memberId='consumer-product-group-3-658462fb-9c23-47de-a036-9fcabc63767f', protocol='range'}
2026-04-25T12:36:13.458+05:30  INFO 63300 --- [product-service] [Container-0-C-1] o.a.k.c.c.internals.ConsumerCoordinator  : [Consumer clientId=consumer-product-group-1, groupId=product-group] Finished assignment for group at generation 1: {consumer-product-group-2-6282046d-4a8d-436e-87f0-909d58d30898=Assignment(partitions=[inventory-response-0]), consumer-product-group-1-7c21c88e-e829-4383-b3df-d52499b945fa=Assignment(partitions=[inventory-created-0]), consumer-product-group-3-658462fb-9c23-47de-a036-9fcabc63767f=Assignment(partitions=[add-to-cart-0])}
2026-04-25T12:36:13.466+05:30  INFO 63300 --- [product-service] [ntainer#0-0-C-1] o.a.k.c.c.internals.ConsumerCoordinator  : [Consumer clientId=consumer-product-group-2, groupId=product-group] Successfully synced group in generation Generation{generationId=1, memberId='consumer-product-group-2-6282046d-4a8d-436e-87f0-909d58d30898', protocol='range'}
2026-04-25T12:36:13.466+05:30  INFO 63300 --- [product-service] [ntainer#1-0-C-1] o.a.k.c.c.internals.ConsumerCoordinator  : [Consumer clientId=consumer-product-group-3, groupId=product-group] Successfully synced group in generation Generation{generationId=1, memberId='consumer-product-group-3-658462fb-9c23-47de-a036-9fcabc63767f', protocol='range'}
2026-04-25T12:36:13.466+05:30  INFO 63300 --- [product-service] [ntainer#0-0-C-1] o.a.k.c.c.internals.ConsumerCoordinator  : [Consumer clientId=consumer-product-group-2, groupId=product-group] Notifying assignor about the new Assignment(partitions=[inventory-response-0])
2026-04-25T12:36:13.466+05:30  INFO 63300 --- [product-service] [ntainer#1-0-C-1] o.a.k.c.c.internals.ConsumerCoordinator  : [Consumer clientId=consumer-product-group-3, groupId=product-group] Notifying assignor about the new Assignment(partitions=[add-to-cart-0])
2026-04-25T12:36:13.467+05:30  INFO 63300 --- [product-service] [Container-0-C-1] o.a.k.c.c.internals.ConsumerCoordinator  : [Consumer clientId=consumer-product-group-1, groupId=product-group] Successfully synced group in generation Generation{generationId=1, memberId='consumer-product-group-1-7c21c88e-e829-4383-b3df-d52499b945fa', protocol='range'}
2026-04-25T12:36:13.468+05:30  INFO 63300 --- [product-service] [Container-0-C-1] o.a.k.c.c.internals.ConsumerCoordinator  : [Consumer clientId=consumer-product-group-1, groupId=product-group] Notifying assignor about the new Assignment(partitions=[inventory-created-0])
2026-04-25T12:36:13.474+05:30  INFO 63300 --- [product-service] [Container-0-C-1] k.c.c.i.ConsumerRebalanceListenerInvoker : [Consumer clientId=consumer-product-group-1, groupId=product-group] Adding newly assigned partitions: inventory-created-0
2026-04-25T12:36:13.475+05:30  INFO 63300 --- [product-service] [ntainer#1-0-C-1] k.c.c.i.ConsumerRebalanceListenerInvoker : [Consumer clientId=consumer-product-group-3, groupId=product-group] Adding newly assigned partitions: add-to-cart-0
2026-04-25T12:36:13.474+05:30  INFO 63300 --- [product-service] [ntainer#0-0-C-1] k.c.c.i.ConsumerRebalanceListenerInvoker : [Consumer clientId=consumer-product-group-2, groupId=product-group] Adding newly assigned partitions: inventory-response-0
2026-04-25T12:36:13.482+05:30  INFO 63300 --- [product-service] [ntainer#0-0-C-1] o.a.k.c.c.internals.ConsumerCoordinator  : [Consumer clientId=consumer-product-group-2, groupId=product-group] Found no committed offset for partition inventory-response-0
2026-04-25T12:36:13.482+05:30  INFO 63300 --- [product-service] [ntainer#1-0-C-1] o.a.k.c.c.internals.ConsumerCoordinator  : [Consumer clientId=consumer-product-group-3, groupId=product-group] Found no committed offset for partition add-to-cart-0
2026-04-25T12:36:13.482+05:30  INFO 63300 --- [product-service] [Container-0-C-1] o.a.k.c.c.internals.ConsumerCoordinator  : [Consumer clientId=consumer-product-group-1, groupId=product-group] Found no committed offset for partition inventory-created-0
2026-04-25T12:36:13.489+05:30  INFO 63300 --- [product-service] [ntainer#1-0-C-1] o.a.k.c.c.internals.SubscriptionState    : [Consumer clientId=consumer-product-group-3, groupId=product-group] Resetting offset for partition add-to-cart-0 to position FetchPosition{offset=0, offsetEpoch=Optional.empty, currentLeader=LeaderAndEpoch{leader=Optional[localhost:9092 (id: 1 rack: null)], epoch=6}}.
2026-04-25T12:36:13.489+05:30  INFO 63300 --- [product-service] [Container-0-C-1] o.a.k.c.c.internals.SubscriptionState    : [Consumer clientId=consumer-product-group-1, groupId=product-group] Resetting offset for partition inventory-created-0 to position FetchPosition{offset=0, offsetEpoch=Optional.empty, currentLeader=LeaderAndEpoch{leader=Optional[localhost:9092 (id: 1 rack: null)], epoch=6}}.
2026-04-25T12:36:13.490+05:30  INFO 63300 --- [product-service] [ntainer#1-0-C-1] o.s.k.l.KafkaMessageListenerContainer    : product-group: partitions assigned: [add-to-cart-0]
2026-04-25T12:36:13.490+05:30  INFO 63300 --- [product-service] [Container-0-C-1] s.k.l.ConcurrentMessageListenerContainer : product-group: partitions assigned: [inventory-created-0]
2026-04-25T12:36:13.491+05:30  INFO 63300 --- [product-service] [ntainer#0-0-C-1] o.a.k.c.c.internals.SubscriptionState    : [Consumer clientId=consumer-product-group-2, groupId=product-group] Resetting offset for partition inventory-response-0 to position FetchPosition{offset=0, offsetEpoch=Optional.empty, currentLeader=LeaderAndEpoch{leader=Optional[localhost:9092 (id: 1 rack: null)], epoch=6}}.
2026-04-25T12:36:13.491+05:30  INFO 63300 --- [product-service] [ntainer#0-0-C-1] o.s.k.l.KafkaMessageListenerContainer    : product-group: partitions assigned: [inventory-response-0]
2026-04-25T12:37:16.779+05:30  INFO 63300 --- [product-service] [ntainer#1-0-C-1] org.apache.kafka.clients.NetworkClient   : [Consumer clientId=consumer-product-group-3, groupId=product-group] Disconnecting from node 2147483646 due to request timeout.
2026-04-25T12:37:16.840+05:30  INFO 63300 --- [product-service] [ntainer#0-0-C-1] org.apache.kafka.clients.NetworkClient   : [Consumer clientId=consumer-product-group-2, groupId=product-group] Disconnecting from node 1 due to request timeout.
2026-04-25T12:37:16.836+05:30  INFO 63300 --- [product-service] [| product-group] org.apache.kafka.clients.NetworkClient   : [Consumer clientId=consumer-product-group-1, groupId=product-group] Disconnecting from node 1 due to request timeout.
2026-04-25T12:37:51.675+05:30  INFO 63300 --- [product-service] [ntainer#0-0-C-1] org.apache.kafka.clients.NetworkClient   : [Consumer clientId=consumer-product-group-2, groupId=product-group] Cancelled in-flight FETCH request with correlation id 29 due to node 1 being disconnected (elapsed time since creation: 30569ms, elapsed time since send: 30568ms, request timeout: 30000ms)
2026-04-25T12:37:51.675+05:30  INFO 63300 --- [product-service] [ntainer#1-0-C-1] org.apache.kafka.clients.NetworkClient   : [Consumer clientId=consumer-product-group-3, groupId=product-group] Cancelled in-flight HEARTBEAT request with correlation id 29 due to node 2147483646 being disconnected (elapsed time since creation: 30918ms, elapsed time since send: 30918ms, request timeout: 30000ms)
2026-04-25T12:37:51.675+05:30  INFO 63300 --- [product-service] [| product-group] org.apache.kafka.clients.NetworkClient   : [Consumer clientId=consumer-product-group-1, groupId=product-group] Cancelled in-flight FETCH request with correlation id 29 due to node 1 being disconnected (elapsed time since creation: 33389ms, elapsed time since send: 33341ms, request timeout: 30000ms)
2026-04-25T12:37:52.006+05:30  INFO 63300 --- [product-service] [ntainer#1-0-C-1] org.apache.kafka.clients.NetworkClient   : [Consumer clientId=consumer-product-group-3, groupId=product-group] Cancelled in-flight HEARTBEAT request with correlation id 31 due to node 2147483646 being disconnected (elapsed time since creation: 27297ms, elapsed time since send: 27288ms, request timeout: 30000ms)
2026-04-25T12:37:52.114+05:30  INFO 63300 --- [product-service] [ntainer#1-0-C-1] org.apache.kafka.clients.NetworkClient   : [Consumer clientId=consumer-product-group-3, groupId=product-group] Cancelled in-flight HEARTBEAT request with correlation id 32 due to node 2147483646 being disconnected (elapsed time since creation: 23952ms, elapsed time since send: 23938ms, request timeout: 30000ms)
2026-04-25T12:37:52.193+05:30  INFO 63300 --- [product-service] [ntainer#1-0-C-1] org.apache.kafka.clients.NetworkClient   : [Consumer clientId=consumer-product-group-3, groupId=product-group] Cancelled in-flight HEARTBEAT request with correlation id 33 due to node 2147483646 being disconnected (elapsed time since creation: 20669ms, elapsed time since send: 20599ms, request timeout: 30000ms)
2026-04-25T12:37:52.394+05:30  INFO 63300 --- [product-service] [ntainer#1-0-C-1] org.apache.kafka.clients.NetworkClient   : [Consumer clientId=consumer-product-group-3, groupId=product-group] Cancelled in-flight HEARTBEAT request with correlation id 34 due to node 2147483646 being disconnected (elapsed time since creation: 17466ms, elapsed time since send: 17370ms, request timeout: 30000ms)
2026-04-25T12:37:52.621+05:30  INFO 63300 --- [product-service] [ntainer#1-0-C-1] org.apache.kafka.clients.NetworkClient   : [Consumer clientId=consumer-product-group-3, groupId=product-group] Cancelled in-flight HEARTBEAT request with correlation id 35 due to node 2147483646 being disconnected (elapsed time since creation: 13562ms, elapsed time since send: 13457ms, request timeout: 30000ms)
2026-04-25T12:37:52.750+05:30  INFO 63300 --- [product-service] [ntainer#1-0-C-1] org.apache.kafka.clients.NetworkClient   : [Consumer clientId=consumer-product-group-3, groupId=product-group] Cancelled in-flight HEARTBEAT request with correlation id 36 due to node 2147483646 being disconnected (elapsed time since creation: 10153ms, elapsed time since send: 9977ms, request timeout: 30000ms)
2026-04-25T12:37:52.834+05:30  INFO 63300 --- [product-service] [ntainer#1-0-C-1] org.apache.kafka.clients.NetworkClient   : [Consumer clientId=consumer-product-group-3, groupId=product-group] Cancelled in-flight HEARTBEAT request with correlation id 37 due to node 2147483646 being disconnected (elapsed time since creation: 6792ms, elapsed time since send: 6698ms, request timeout: 30000ms)
2026-04-25T12:37:52.975+05:30  INFO 63300 --- [product-service] [ntainer#1-0-C-1] org.apache.kafka.clients.NetworkClient   : [Consumer clientId=consumer-product-group-3, groupId=product-group] Cancelled in-flight HEARTBEAT request with correlation id 38 due to node 2147483646 being disconnected (elapsed time since creation: 3319ms, elapsed time since send: 3317ms, request timeout: 30000ms)
2026-04-25T12:37:55.772+05:30  INFO 63300 --- [product-service] [ntainer#0-0-C-1] org.apache.kafka.clients.NetworkClient   : [Consumer clientId=consumer-product-group-2, groupId=product-group] Disconnecting from node 2147483646 due to request timeout.
2026-04-25T12:37:55.758+05:30  INFO 63300 --- [product-service] [| product-group] org.apache.kafka.clients.NetworkClient   : [Consumer clientId=consumer-product-group-1, groupId=product-group] Disconnecting from node 2147483646 due to request timeout.
2026-04-25T12:37:55.868+05:30  INFO 63300 --- [product-service] [| product-group] org.apache.kafka.clients.NetworkClient   : [Consumer clientId=consumer-product-group-1, groupId=product-group] Cancelled in-flight HEARTBEAT request with correlation id 30 due to node 2147483646 being disconnected (elapsed time since creation: 31260ms, elapsed time since send: 31254ms, request timeout: 30000ms)
2026-04-25T12:37:55.868+05:30  INFO 63300 --- [product-service] [ntainer#0-0-C-1] org.apache.kafka.clients.NetworkClient   : [Consumer clientId=consumer-product-group-2, groupId=product-group] Cancelled in-flight HEARTBEAT request with correlation id 28 due to node 2147483646 being disconnected (elapsed time since creation: 30945ms, elapsed time since send: 30944ms, request timeout: 30000ms)
2026-04-25T12:37:55.992+05:30  INFO 63300 --- [product-service] [| product-group] org.apache.kafka.clients.NetworkClient   : [Consumer clientId=consumer-product-group-1, groupId=product-group] Cancelled in-flight HEARTBEAT request with correlation id 31 due to node 2147483646 being disconnected (elapsed time since creation: 27690ms, elapsed time since send: 27601ms, request timeout: 30000ms)
2026-04-25T12:37:55.992+05:30  INFO 63300 --- [product-service] [ntainer#0-0-C-1] org.apache.kafka.clients.NetworkClient   : [Consumer clientId=consumer-product-group-2, groupId=product-group] Cancelled in-flight HEARTBEAT request with correlation id 30 due to node 2147483646 being disconnected (elapsed time since creation: 27792ms, elapsed time since send: 27758ms, request timeout: 30000ms)
2026-04-25T12:37:56.111+05:30  INFO 63300 --- [product-service] [ntainer#0-0-C-1] org.apache.kafka.clients.NetworkClient   : [Consumer clientId=consumer-product-group-2, groupId=product-group] Cancelled in-flight HEARTBEAT request with correlation id 31 due to node 2147483646 being disconnected (elapsed time since creation: 24475ms, elapsed time since send: 24461ms, request timeout: 30000ms)
2026-04-25T12:37:56.164+05:30  INFO 63300 --- [product-service] [ntainer#0-0-C-1] org.apache.kafka.clients.NetworkClient   : [Consumer clientId=consumer-product-group-2, groupId=product-group] Cancelled in-flight HEARTBEAT request with correlation id 32 due to node 2147483646 being disconnected (elapsed time since creation: 21020ms, elapsed time since send: 21000ms, request timeout: 30000ms)
2026-04-25T12:37:56.164+05:30  INFO 63300 --- [product-service] [| product-group] org.apache.kafka.clients.NetworkClient   : [Consumer clientId=consumer-product-group-1, groupId=product-group] Cancelled in-flight HEARTBEAT request with correlation id 32 due to node 2147483646 being disconnected (elapsed time since creation: 24206ms, elapsed time since send: 24198ms, request timeout: 30000ms)
2026-04-25T12:37:56.283+05:30  INFO 63300 --- [product-service] [ntainer#0-0-C-1] org.apache.kafka.clients.NetworkClient   : [Consumer clientId=consumer-product-group-2, groupId=product-group] Cancelled in-flight HEARTBEAT request with correlation id 33 due to node 2147483646 being disconnected (elapsed time since creation: 18091ms, elapsed time since send: 18078ms, request timeout: 30000ms)
2026-04-25T12:37:56.312+05:30  INFO 63300 --- [product-service] [| product-group] org.apache.kafka.clients.NetworkClient   : [Consumer clientId=consumer-product-group-1, groupId=product-group] Cancelled in-flight HEARTBEAT request with correlation id 33 due to node 2147483646 being disconnected (elapsed time since creation: 21025ms, elapsed time since send: 20922ms, request timeout: 30000ms)
2026-04-25T12:37:56.326+05:30  INFO 63300 --- [product-service] [ntainer#0-0-C-1] org.apache.kafka.clients.NetworkClient   : [Consumer clientId=consumer-product-group-2, groupId=product-group] Cancelled in-flight HEARTBEAT request with correlation id 34 due to node 2147483646 being disconnected (elapsed time since creation: 14329ms, elapsed time since send: 14148ms, request timeout: 30000ms)
2026-04-25T12:37:57.944+05:30  INFO 63300 --- [product-service] [| product-group] org.apache.kafka.clients.NetworkClient   : [Consumer clientId=consumer-product-group-1, groupId=product-group] Cancelled in-flight HEARTBEAT request with correlation id 34 due to node 2147483646 being disconnected (elapsed time since creation: 16553ms, elapsed time since send: 16505ms, request timeout: 30000ms)
2026-04-25T12:37:57.988+05:30  INFO 63300 --- [product-service] [ntainer#0-0-C-1] org.apache.kafka.clients.NetworkClient   : [Consumer clientId=consumer-product-group-2, groupId=product-group] Cancelled in-flight HEARTBEAT request with correlation id 35 due to node 2147483646 being disconnected (elapsed time since creation: 11400ms, elapsed time since send: 11336ms, request timeout: 30000ms)
2026-04-25T12:37:58.014+05:30  INFO 63300 --- [product-service] [| product-group] org.apache.kafka.clients.NetworkClient   : [Consumer clientId=consumer-product-group-1, groupId=product-group] Cancelled in-flight HEARTBEAT request with correlation id 35 due to node 2147483646 being disconnected (elapsed time since creation: 13717ms, elapsed time since send: 13716ms, request timeout: 30000ms)
2026-04-25T12:37:58.069+05:30  INFO 63300 --- [product-service] [ntainer#0-0-C-1] org.apache.kafka.clients.NetworkClient   : [Consumer clientId=consumer-product-group-2, groupId=product-group] Cancelled in-flight HEARTBEAT request with correlation id 36 due to node 2147483646 being disconnected (elapsed time since creation: 7672ms, elapsed time since send: 2750ms, request timeout: 30000ms)
2026-04-25T12:37:58.200+05:30  INFO 63300 --- [product-service] [| product-group] org.apache.kafka.clients.NetworkClient   : [Consumer clientId=consumer-product-group-1, groupId=product-group] Cancelled in-flight HEARTBEAT request with correlation id 36 due to node 2147483646 being disconnected (elapsed time since creation: 10149ms, elapsed time since send: 10096ms, request timeout: 30000ms)
2026-04-25T12:37:58.307+05:30  INFO 63300 --- [product-service] [| product-group] org.apache.kafka.clients.NetworkClient   : [Consumer clientId=consumer-product-group-1, groupId=product-group] Cancelled in-flight HEARTBEAT request with correlation id 37 due to node 2147483646 being disconnected (elapsed time since creation: 6877ms, elapsed time since send: 6874ms, request timeout: 30000ms)
2026-04-25T12:37:58.307+05:30  INFO 63300 --- [product-service] [ntainer#0-0-C-1] org.apache.kafka.clients.NetworkClient   : [Consumer clientId=consumer-product-group-2, groupId=product-group] Cancelled in-flight HEARTBEAT request with correlation id 37 due to node 2147483646 being disconnected (elapsed time since creation: 2492ms, elapsed time since send: 2478ms, request timeout: 30000ms)
2026-04-25T12:38:02.635+05:30  INFO 63300 --- [product-service] [| product-group] org.apache.kafka.clients.NetworkClient   : [Consumer clientId=consumer-product-group-3, groupId=product-group] Disconnecting from node 1 due to request timeout.
2026-04-25T12:38:02.680+05:30  INFO 63300 --- [product-service] [| product-group] org.apache.kafka.clients.NetworkClient   : [Consumer clientId=consumer-product-group-3, groupId=product-group] Cancelled in-flight FETCH request with correlation id 30 due to node 1 being disconnected (elapsed time since creation: 86772ms, elapsed time since send: 86766ms, request timeout: 30000ms)
2026-04-25T12:38:02.712+05:30  INFO 63300 --- [product-service] [| product-group] org.apache.kafka.clients.NetworkClient   : [Consumer clientId=consumer-product-group-3, groupId=product-group] Cancelled in-flight METADATA request with correlation id 39 due to node 1 being disconnected (elapsed time since creation: 60956ms, elapsed time since send: 60956ms, request timeout: 30000ms)
2026-04-25T12:38:05.049+05:30  INFO 63300 --- [product-service] [| product-group] o.a.k.c.c.internals.ConsumerCoordinator  : [Consumer clientId=consumer-product-group-2, groupId=product-group] Group coordinator localhost:9092 (id: 2147483646 rack: null) is unavailable or invalid due to cause: null. isDisconnected: true. Rediscovery will be attempted.
2026-04-25T12:38:05.536+05:30  INFO 63300 --- [product-service] [| product-group] o.a.k.c.c.internals.ConsumerCoordinator  : [Consumer clientId=consumer-product-group-3, groupId=product-group] Group coordinator localhost:9092 (id: 2147483646 rack: null) is unavailable or invalid due to cause: null. isDisconnected: true. Rediscovery will be attempted.
2026-04-25T12:38:08.114+05:30  INFO 63300 --- [product-service] [| product-group] o.a.kafka.clients.FetchSessionHandler    : [Consumer clientId=consumer-product-group-1, groupId=product-group] Error sending fetch request (sessionId=739107068, epoch=12) to node 1:

org.apache.kafka.common.errors.DisconnectException: null

2026-04-25T12:38:08.235+05:30  INFO 63300 --- [product-service] [| product-group] o.a.kafka.clients.FetchSessionHandler    : [Consumer clientId=consumer-product-group-3, groupId=product-group] Error sending fetch request (sessionId=805425844, epoch=13) to node 1:

org.apache.kafka.common.errors.DisconnectException: null

2026-04-25T12:38:08.119+05:30  INFO 63300 --- [product-service] [ntainer#0-0-C-1] o.a.kafka.clients.FetchSessionHandler    : [Consumer clientId=consumer-product-group-2, groupId=product-group] Error sending fetch request (sessionId=907587987, epoch=12) to node 1:

org.apache.kafka.common.errors.DisconnectException: null

2026-04-25T12:38:16.618+05:30  INFO 63300 --- [product-service] [| product-group] o.a.k.c.c.internals.ConsumerCoordinator  : [Consumer clientId=consumer-product-group-1, groupId=product-group] Group coordinator localhost:9092 (id: 2147483646 rack: null) is unavailable or invalid due to cause: null. isDisconnected: true. Rediscovery will be attempted.
2026-04-25T12:37:13.692+05:30  WARN 63300 --- [product-service] [coveryClient-%d] c.netflix.discovery.TimedSupervisorTask  : task supervisor timed out

java.util.concurrent.TimeoutException: null
	at java.base/java.util.concurrent.FutureTask.get(FutureTask.java:204) ~[na:na]
	at com.netflix.discovery.TimedSupervisorTask.run(TimedSupervisorTask.java:65) ~[eureka-client-2.0.3.jar:2.0.3]
	at java.base/java.util.concurrent.Executors$RunnableAdapter.call(Executors.java:539) ~[na:na]
	at java.base/java.util.concurrent.FutureTask.run(FutureTask.java:264) ~[na:na]
	at java.base/java.util.concurrent.ScheduledThreadPoolExecutor$ScheduledFutureTask.run(ScheduledThreadPoolExecutor.java:304) ~[na:na]
	at java.base/java.util.concurrent.ThreadPoolExecutor.runWorker(ThreadPoolExecutor.java:1136) ~[na:na]
	at java.base/java.util.concurrent.ThreadPoolExecutor$Worker.run(ThreadPoolExecutor.java:635) ~[na:na]
	at java.base/java.lang.Thread.run(Thread.java:840) ~[na:na]

2026-04-25T12:37:45.047+05:30  INFO 63300 --- [product-service] [localhost:27017] org.mongodb.driver.cluster               : Exception in monitor thread while connecting to server localhost:27017

com.mongodb.MongoSocketReadTimeoutException: Timeout while receiving message
	at com.mongodb.internal.connection.InternalStreamConnection.translateReadException(InternalStreamConnection.java:705) ~[mongodb-driver-core-5.0.1.jar:na]
	at com.mongodb.internal.connection.InternalStreamConnection.receiveMessageWithAdditionalTimeout(InternalStreamConnection.java:583) ~[mongodb-driver-core-5.0.1.jar:na]
	at com.mongodb.internal.connection.InternalStreamConnection.receiveCommandMessageResponse(InternalStreamConnection.java:428) ~[mongodb-driver-core-5.0.1.jar:na]
	at com.mongodb.internal.connection.InternalStreamConnection.receive(InternalStreamConnection.java:381) ~[mongodb-driver-core-5.0.1.jar:na]
	at com.mongodb.internal.connection.DefaultServerMonitor$ServerMonitorRunnable.lookupServerDescription(DefaultServerMonitor.java:221) ~[mongodb-driver-core-5.0.1.jar:na]
	at com.mongodb.internal.connection.DefaultServerMonitor$ServerMonitorRunnable.run(DefaultServerMonitor.java:153) ~[mongodb-driver-core-5.0.1.jar:na]
	at java.base/java.lang.Thread.run(Thread.java:840) ~[na:na]
Caused by: java.net.SocketTimeoutException: Read timed out
	at java.base/sun.nio.ch.NioSocketImpl.timedRead(NioSocketImpl.java:288) ~[na:na]
	at java.base/sun.nio.ch.NioSocketImpl.implRead(NioSocketImpl.java:314) ~[na:na]
	at java.base/sun.nio.ch.NioSocketImpl.read(NioSocketImpl.java:355) ~[na:na]
	at java.base/sun.nio.ch.NioSocketImpl$1.read(NioSocketImpl.java:808) ~[na:na]
	at java.base/java.net.Socket$SocketInputStream.read(Socket.java:966) ~[na:na]
	at com.mongodb.internal.connection.SocketStream.read(SocketStream.java:176) ~[mongodb-driver-core-5.0.1.jar:na]
	at com.mongodb.internal.connection.SocketStream.read(SocketStream.java:196) ~[mongodb-driver-core-5.0.1.jar:na]
	at com.mongodb.internal.connection.InternalStreamConnection.receiveResponseBuffers(InternalStreamConnection.java:716) ~[mongodb-driver-core-5.0.1.jar:na]
	at com.mongodb.internal.connection.InternalStreamConnection.receiveMessageWithAdditionalTimeout(InternalStreamConnection.java:580) ~[mongodb-driver-core-5.0.1.jar:na]
	... 5 common frames omitted

2026-04-25T12:37:13.692+05:30  WARN 63300 --- [product-service] [coveryClient-%d] c.netflix.discovery.TimedSupervisorTask  : task supervisor timed out

java.util.concurrent.TimeoutException: null
	at java.base/java.util.concurrent.FutureTask.get(FutureTask.java:204) ~[na:na]
	at com.netflix.discovery.TimedSupervisorTask.run(TimedSupervisorTask.java:65) ~[eureka-client-2.0.3.jar:2.0.3]
	at java.base/java.util.concurrent.Executors$RunnableAdapter.call(Executors.java:539) ~[na:na]
	at java.base/java.util.concurrent.FutureTask.run(FutureTask.java:264) ~[na:na]
	at java.base/java.util.concurrent.ScheduledThreadPoolExecutor$ScheduledFutureTask.run(ScheduledThreadPoolExecutor.java:304) ~[na:na]
	at java.base/java.util.concurrent.ThreadPoolExecutor.runWorker(ThreadPoolExecutor.java:1136) ~[na:na]
	at java.base/java.util.concurrent.ThreadPoolExecutor$Worker.run(ThreadPoolExecutor.java:635) ~[na:na]
	at java.base/java.lang.Thread.run(Thread.java:840) ~[na:na]

2026-04-25T12:38:41.393+05:30  INFO 63300 --- [product-service] [ntainer#0-0-C-1] org.apache.kafka.clients.NetworkClient   : [Consumer clientId=consumer-product-group-2, groupId=product-group] Disconnecting from node 1 due to request timeout.
2026-04-25T12:38:41.557+05:30  INFO 63300 --- [product-service] [ntainer#0-0-C-1] org.apache.kafka.clients.NetworkClient   : [Consumer clientId=consumer-product-group-2, groupId=product-group] Cancelled in-flight API_VERSIONS request with correlation id 39 due to node 1 being disconnected (elapsed time since creation: 32911ms, elapsed time since send: 32911ms, request timeout: 30000ms)
2026-04-25T12:38:41.748+05:30  INFO 63300 --- [product-service] [ntainer#0-0-C-1] o.a.kafka.clients.FetchSessionHandler    : [Consumer clientId=consumer-product-group-2, groupId=product-group] Error sending fetch request (sessionId=907587987, epoch=INITIAL) to node 1:

org.apache.kafka.common.errors.DisconnectException: null

2026-04-25T12:38:47.293+05:30  INFO 63300 --- [product-service] [ntainer#1-0-C-1] org.apache.kafka.clients.NetworkClient   : [Consumer clientId=consumer-product-group-3, groupId=product-group] Disconnecting from node 1 due to request timeout.
2026-04-25T12:38:47.353+05:30  INFO 63300 --- [product-service] [ntainer#1-0-C-1] org.apache.kafka.clients.NetworkClient   : [Consumer clientId=consumer-product-group-3, groupId=product-group] Cancelled in-flight API_VERSIONS request with correlation id 41 due to node 1 being disconnected (elapsed time since creation: 30304ms, elapsed time since send: 30304ms, request timeout: 30000ms)
2026-04-25T12:38:47.416+05:30  INFO 63300 --- [product-service] [ntainer#1-0-C-1] o.a.kafka.clients.FetchSessionHandler    : [Consumer clientId=consumer-product-group-3, groupId=product-group] Error sending fetch request (sessionId=805425844, epoch=INITIAL) to node 1:

org.apache.kafka.common.errors.DisconnectException: null

2026-04-25T12:38:52.153+05:30  INFO 63300 --- [product-service] [Container-0-C-1] org.apache.kafka.clients.NetworkClient   : [Consumer clientId=consumer-product-group-1, groupId=product-group] Disconnecting from node 1 due to request timeout.
2026-04-25T12:38:52.242+05:30  INFO 63300 --- [product-service] [Container-0-C-1] org.apache.kafka.clients.NetworkClient   : [Consumer clientId=consumer-product-group-1, groupId=product-group] Cancelled in-flight API_VERSIONS request with correlation id 39 due to node 1 being disconnected (elapsed time since creation: 31178ms, elapsed time since send: 31178ms, request timeout: 30000ms)
2026-04-25T12:38:52.262+05:30  INFO 63300 --- [product-service] [Container-0-C-1] o.a.kafka.clients.FetchSessionHandler    : [Consumer clientId=consumer-product-group-1, groupId=product-group] Error sending fetch request (sessionId=739107068, epoch=INITIAL) to node 1:

org.apache.kafka.common.errors.DisconnectException: null

2026-04-25T12:38:58.270+05:30  INFO 63300 --- [product-service] [localhost:27017] org.mongodb.driver.cluster               : Monitor thread successfully connected to server with description ServerDescription{address=localhost:27017, type=STANDALONE, state=CONNECTED, ok=true, minWireVersion=0, maxWireVersion=27, maxDocumentSize=16777216, logicalSessionTimeoutMinutes=30, roundTripTimeNanos=9069163790}
2026-04-25T12:39:13.925+05:30  INFO 63300 --- [product-service] [ntainer#0-0-C-1] org.apache.kafka.clients.NetworkClient   : [Consumer clientId=consumer-product-group-2, groupId=product-group] Disconnecting from node 1 due to request timeout.
2026-04-25T12:39:14.024+05:30  INFO 63300 --- [product-service] [ntainer#0-0-C-1] org.apache.kafka.clients.NetworkClient   : [Consumer clientId=consumer-product-group-2, groupId=product-group] Cancelled in-flight API_VERSIONS request with correlation id 64 due to node 1 being disconnected (elapsed time since creation: 31527ms, elapsed time since send: 31527ms, request timeout: 30000ms)
2026-04-25T12:39:14.368+05:30  INFO 63300 --- [product-service] [ntainer#0-0-C-1] o.a.kafka.clients.FetchSessionHandler    : [Consumer clientId=consumer-product-group-2, groupId=product-group] Error sending fetch request (sessionId=907587987, epoch=INITIAL) to node 1:

org.apache.kafka.common.errors.DisconnectException: null

2026-04-25T12:39:17.852+05:30  INFO 63300 --- [product-service] [ntainer#1-0-C-1] o.a.kafka.clients.FetchSessionHandler    : [Consumer clientId=consumer-product-group-3, groupId=product-group] Error sending fetch request (sessionId=805425844, epoch=INITIAL) to node 1:

org.apache.kafka.common.errors.TimeoutException: Failed to send request after 30000 ms.

2026-04-25T12:39:22.484+05:30  INFO 63300 --- [product-service] [ntainer#1-0-C-1] o.a.k.c.c.internals.ConsumerCoordinator  : [Consumer clientId=consumer-product-group-3, groupId=product-group] Discovered group coordinator localhost:9092 (id: 2147483646 rack: null)
2026-04-25T12:39:22.876+05:30  INFO 63300 --- [product-service] [ntainer#1-0-C-1] o.a.k.c.c.internals.ConsumerCoordinator  : [Consumer clientId=consumer-product-group-3, groupId=product-group] Discovered group coordinator localhost:9092 (id: 2147483646 rack: null)
2026-04-25T12:39:23.710+05:30  INFO 63300 --- [product-service] [ntainer#1-0-C-1] o.a.k.c.c.internals.ConsumerCoordinator  : [Consumer clientId=consumer-product-group-3, groupId=product-group] Discovered group coordinator localhost:9092 (id: 2147483646 rack: null)
2026-04-25T12:39:23.816+05:30  INFO 63300 --- [product-service] [ntainer#1-0-C-1] o.a.k.c.c.internals.ConsumerCoordinator  : [Consumer clientId=consumer-product-group-3, groupId=product-group] Discovered group coordinator localhost:9092 (id: 2147483646 rack: null)
2026-04-25T12:39:23.825+05:30  INFO 63300 --- [product-service] [Container-0-C-1] org.apache.kafka.clients.NetworkClient   : [Consumer clientId=consumer-product-group-1, groupId=product-group] Disconnecting from node 1 due to request timeout.
2026-04-25T12:39:23.895+05:30  INFO 63300 --- [product-service] [Container-0-C-1] org.apache.kafka.clients.NetworkClient   : [Consumer clientId=consumer-product-group-1, groupId=product-group] Cancelled in-flight API_VERSIONS request with correlation id 48 due to node 1 being disconnected (elapsed time since creation: 31159ms, elapsed time since send: 31159ms, request timeout: 30000ms)
2026-04-25T12:39:23.940+05:30  INFO 63300 --- [product-service] [Container-0-C-1] o.a.kafka.clients.FetchSessionHandler    : [Consumer clientId=consumer-product-group-1, groupId=product-group] Error sending fetch request (sessionId=739107068, epoch=INITIAL) to node 1:

org.apache.kafka.common.errors.DisconnectException: null

2026-04-25T12:39:24.876+05:30  INFO 63300 --- [product-service] [| product-group] o.a.k.c.c.internals.ConsumerCoordinator  : [Consumer clientId=consumer-product-group-3, groupId=product-group] Discovered group coordinator localhost:9092 (id: 2147483646 rack: null)
2026-04-25T12:39:24.984+05:30  INFO 63300 --- [product-service] [ntainer#0-0-C-1] o.a.k.c.c.internals.ConsumerCoordinator  : [Consumer clientId=consumer-product-group-2, groupId=product-group] Discovered group coordinator localhost:9092 (id: 2147483646 rack: null)
2026-04-25T12:39:25.740+05:30  INFO 63300 --- [product-service] [| product-group] o.a.k.c.c.internals.ConsumerCoordinator  : [Consumer clientId=consumer-product-group-2, groupId=product-group] Discovered group coordinator localhost:9092 (id: 2147483646 rack: null)
2026-04-25T12:39:25.780+05:30  INFO 63300 --- [product-service] [ntainer#1-0-C-1] o.a.k.c.c.internals.ConsumerCoordinator  : [Consumer clientId=consumer-product-group-3, groupId=product-group] Discovered group coordinator localhost:9092 (id: 2147483646 rack: null)
2026-04-25T12:39:30.352+05:30  INFO 63300 --- [product-service] [ntainer#1-0-C-1] o.a.k.c.c.internals.ConsumerCoordinator  : [Consumer clientId=consumer-product-group-3, groupId=product-group] Request joining group due to: group is already rebalancing
2026-04-25T12:39:30.353+05:30  INFO 63300 --- [product-service] [ntainer#0-0-C-1] o.a.k.c.c.internals.ConsumerCoordinator  : [Consumer clientId=consumer-product-group-2, groupId=product-group] Request joining group due to: group is already rebalancing
2026-04-25T12:39:30.409+05:30  INFO 63300 --- [product-service] [ntainer#1-0-C-1] k.c.c.i.ConsumerRebalanceListenerInvoker : [Consumer clientId=consumer-product-group-3, groupId=product-group] Revoke previously assigned partitions add-to-cart-0
2026-04-25T12:39:30.410+05:30  INFO 63300 --- [product-service] [ntainer#0-0-C-1] k.c.c.i.ConsumerRebalanceListenerInvoker : [Consumer clientId=consumer-product-group-2, groupId=product-group] Revoke previously assigned partitions inventory-response-0
2026-04-25T12:39:30.414+05:30  INFO 63300 --- [product-service] [| product-group] o.a.k.c.c.internals.ConsumerCoordinator  : [Consumer clientId=consumer-product-group-2, groupId=product-group] Request joining group due to: group is already rebalancing
2026-04-25T12:39:30.426+05:30  INFO 63300 --- [product-service] [ntainer#1-0-C-1] o.s.k.l.KafkaMessageListenerContainer    : product-group: partitions revoked: [add-to-cart-0]
2026-04-25T12:39:30.428+05:30  INFO 63300 --- [product-service] [ntainer#0-0-C-1] o.s.k.l.KafkaMessageListenerContainer    : product-group: partitions revoked: [inventory-response-0]
2026-04-25T12:39:30.428+05:30  INFO 63300 --- [product-service] [ntainer#0-0-C-1] o.a.k.c.c.internals.ConsumerCoordinator  : [Consumer clientId=consumer-product-group-2, groupId=product-group] (Re-)joining group
2026-04-25T12:39:30.427+05:30  INFO 63300 --- [product-service] [ntainer#1-0-C-1] o.a.k.c.c.internals.ConsumerCoordinator  : [Consumer clientId=consumer-product-group-3, groupId=product-group] (Re-)joining group
2026-04-25T12:39:30.488+05:30  INFO 63300 --- [product-service] [ntainer#1-0-C-1] o.a.k.c.c.internals.ConsumerCoordinator  : [Consumer clientId=consumer-product-group-3, groupId=product-group] Successfully joined group with generation Generation{generationId=2, memberId='consumer-product-group-3-658462fb-9c23-47de-a036-9fcabc63767f', protocol='range'}
2026-04-25T12:39:30.567+05:30  INFO 63300 --- [product-service] [ntainer#0-0-C-1] o.a.k.c.c.internals.ConsumerCoordinator  : [Consumer clientId=consumer-product-group-2, groupId=product-group] Successfully joined group with generation Generation{generationId=2, memberId='consumer-product-group-2-6282046d-4a8d-436e-87f0-909d58d30898', protocol='range'}
2026-04-25T12:39:30.573+05:30  INFO 63300 --- [product-service] [ntainer#1-0-C-1] o.a.k.c.c.internals.ConsumerCoordinator  : [Consumer clientId=consumer-product-group-3, groupId=product-group] SyncGroup failed: This is not the correct coordinator. Marking coordinator unknown. Sent generation was Generation{generationId=2, memberId='consumer-product-group-3-658462fb-9c23-47de-a036-9fcabc63767f', protocol='range'}
2026-04-25T12:39:30.577+05:30  INFO 63300 --- [product-service] [ntainer#1-0-C-1] o.a.k.c.c.internals.ConsumerCoordinator  : [Consumer clientId=consumer-product-group-3, groupId=product-group] Group coordinator localhost:9092 (id: 2147483646 rack: null) is unavailable or invalid due to cause: error response NOT_COORDINATOR. isDisconnected: false. Rediscovery will be attempted.
2026-04-25T12:39:30.578+05:30  INFO 63300 --- [product-service] [ntainer#1-0-C-1] o.a.k.c.c.internals.ConsumerCoordinator  : [Consumer clientId=consumer-product-group-3, groupId=product-group] Requesting disconnect from last known coordinator localhost:9092 (id: 2147483646 rack: null)
2026-04-25T12:39:30.582+05:30  INFO 63300 --- [product-service] [ntainer#1-0-C-1] org.apache.kafka.clients.NetworkClient   : [Consumer clientId=consumer-product-group-3, groupId=product-group] Client requested disconnect from node 2147483646
2026-04-25T12:39:36.795+05:30  INFO 63300 --- [product-service] [Container-0-C-1] o.a.k.c.c.internals.ConsumerCoordinator  : [Consumer clientId=consumer-product-group-1, groupId=product-group] Discovered group coordinator localhost:9092 (id: 2147483646 rack: null)
2026-04-25T12:39:36.808+05:30  INFO 63300 --- [product-service] [Container-0-C-1] o.a.k.c.c.internals.ConsumerCoordinator  : [Consumer clientId=consumer-product-group-1, groupId=product-group] Attempt to heartbeat failed since coordinator localhost:9092 (id: 2147483646 rack: null) is either not started or not valid
2026-04-25T12:39:36.808+05:30  INFO 63300 --- [product-service] [Container-0-C-1] o.a.k.c.c.internals.ConsumerCoordinator  : [Consumer clientId=consumer-product-group-1, groupId=product-group] Group coordinator localhost:9092 (id: 2147483646 rack: null) is unavailable or invalid due to cause: error response NOT_COORDINATOR. isDisconnected: false. Rediscovery will be attempted.
2026-04-25T12:39:36.808+05:30  INFO 63300 --- [product-service] [Container-0-C-1] o.a.k.c.c.internals.ConsumerCoordinator  : [Consumer clientId=consumer-product-group-1, groupId=product-group] Requesting disconnect from last known coordinator localhost:9092 (id: 2147483646 rack: null)
2026-04-25T12:39:36.809+05:30  INFO 63300 --- [product-service] [Container-0-C-1] org.apache.kafka.clients.NetworkClient   : [Consumer clientId=consumer-product-group-1, groupId=product-group] Client requested disconnect from node 2147483646
2026-04-25T12:39:36.812+05:30  INFO 63300 --- [product-service] [Container-0-C-1] o.a.k.c.c.internals.ConsumerCoordinator  : [Consumer clientId=consumer-product-group-1, groupId=product-group] Discovered group coordinator localhost:9092 (id: 2147483646 rack: null)
2026-04-25T12:39:36.812+05:30  INFO 63300 --- [product-service] [Container-0-C-1] o.a.k.c.c.internals.ConsumerCoordinator  : [Consumer clientId=consumer-product-group-1, groupId=product-group] Group coordinator localhost:9092 (id: 2147483646 rack: null) is unavailable or invalid due to cause: coordinator unavailable. isDisconnected: false. Rediscovery will be attempted.
2026-04-25T12:39:36.812+05:30  INFO 63300 --- [product-service] [Container-0-C-1] o.a.k.c.c.internals.ConsumerCoordinator  : [Consumer clientId=consumer-product-group-1, groupId=product-group] Requesting disconnect from last known coordinator localhost:9092 (id: 2147483646 rack: null)
2026-04-25T12:39:36.911+05:30  INFO 63300 --- [product-service] [ntainer#0-0-C-1] o.a.k.c.c.internals.ConsumerCoordinator  : [Consumer clientId=consumer-product-group-2, groupId=product-group] Finished assignment for group at generation 2: {consumer-product-group-2-6282046d-4a8d-436e-87f0-909d58d30898=Assignment(partitions=[inventory-response-0]), consumer-product-group-3-658462fb-9c23-47de-a036-9fcabc63767f=Assignment(partitions=[add-to-cart-0])}
2026-04-25T12:39:36.913+05:30  INFO 63300 --- [product-service] [ntainer#0-0-C-1] o.a.k.c.c.internals.ConsumerCoordinator  : [Consumer clientId=consumer-product-group-2, groupId=product-group] SyncGroup failed: Specified group generation id is not valid. Need to re-join the group. Sent generation was Generation{generationId=2, memberId='consumer-product-group-2-6282046d-4a8d-436e-87f0-909d58d30898', protocol='range'}
2026-04-25T12:39:36.913+05:30  INFO 63300 --- [product-service] [ntainer#0-0-C-1] o.a.k.c.c.internals.ConsumerCoordinator  : [Consumer clientId=consumer-product-group-2, groupId=product-group] Resetting generation due to: encountered ILLEGAL_GENERATION from SYNC_GROUP response
2026-04-25T12:39:36.914+05:30  INFO 63300 --- [product-service] [ntainer#0-0-C-1] o.a.k.c.c.internals.ConsumerCoordinator  : [Consumer clientId=consumer-product-group-2, groupId=product-group] Request joining group due to: encountered ILLEGAL_GENERATION from SYNC_GROUP response
2026-04-25T12:39:36.914+05:30  INFO 63300 --- [product-service] [ntainer#0-0-C-1] o.a.k.c.c.internals.ConsumerCoordinator  : [Consumer clientId=consumer-product-group-2, groupId=product-group] Attempt to heartbeat with stale Generation{generationId=2, memberId='consumer-product-group-2-6282046d-4a8d-436e-87f0-909d58d30898', protocol='range'} and group instance id Optional.empty failed due to ILLEGAL_GENERATION, ignoring the error
2026-04-25T12:39:36.914+05:30  INFO 63300 --- [product-service] [ntainer#0-0-C-1] o.a.k.c.c.internals.ConsumerCoordinator  : [Consumer clientId=consumer-product-group-2, groupId=product-group] Request joining group due to: rebalance failed due to 'Specified group generation id is not valid.' (IllegalGenerationException)
2026-04-25T12:39:36.914+05:30  INFO 63300 --- [product-service] [ntainer#0-0-C-1] o.a.k.c.c.internals.ConsumerCoordinator  : [Consumer clientId=consumer-product-group-2, groupId=product-group] (Re-)joining group
2026-04-25T12:39:36.917+05:30  INFO 63300 --- [product-service] [Container-0-C-1] o.a.k.c.c.internals.ConsumerCoordinator  : [Consumer clientId=consumer-product-group-1, groupId=product-group] Discovered group coordinator localhost:9092 (id: 2147483646 rack: null)
2026-04-25T12:39:37.221+05:30  INFO 63300 --- [product-service] [ntainer#1-0-C-1] o.a.k.c.c.internals.ConsumerCoordinator  : [Consumer clientId=consumer-product-group-3, groupId=product-group] Discovered group coordinator localhost:9092 (id: 2147483646 rack: null)
2026-04-25T12:39:37.222+05:30  INFO 63300 --- [product-service] [ntainer#1-0-C-1] o.a.k.c.c.internals.ConsumerCoordinator  : [Consumer clientId=consumer-product-group-3, groupId=product-group] Request joining group due to: rebalance failed due to 'This is not the correct coordinator.' (NotCoordinatorException)
2026-04-25T12:39:37.223+05:30  INFO 63300 --- [product-service] [ntainer#1-0-C-1] o.a.k.c.c.internals.ConsumerCoordinator  : [Consumer clientId=consumer-product-group-3, groupId=product-group] (Re-)joining group
2026-04-25T12:39:37.225+05:30  INFO 63300 --- [product-service] [ntainer#1-0-C-1] o.a.k.c.c.internals.ConsumerCoordinator  : [Consumer clientId=consumer-product-group-3, groupId=product-group] Attempt to heartbeat with Generation{generationId=2, memberId='consumer-product-group-3-658462fb-9c23-47de-a036-9fcabc63767f', protocol='range'} and group instance id Optional.empty failed due to ILLEGAL_GENERATION, resetting generation
2026-04-25T12:39:37.225+05:30  INFO 63300 --- [product-service] [ntainer#1-0-C-1] o.a.k.c.c.internals.ConsumerCoordinator  : [Consumer clientId=consumer-product-group-3, groupId=product-group] Resetting generation due to: encountered ILLEGAL_GENERATION from HEARTBEAT response
2026-04-25T12:39:37.225+05:30  INFO 63300 --- [product-service] [ntainer#1-0-C-1] o.a.k.c.c.internals.ConsumerCoordinator  : [Consumer clientId=consumer-product-group-3, groupId=product-group] Request joining group due to: encountered ILLEGAL_GENERATION from HEARTBEAT response
2026-04-25T12:39:37.723+05:30  INFO 63300 --- [product-service] [Container-0-C-1] o.a.k.c.c.internals.ConsumerCoordinator  : [Consumer clientId=consumer-product-group-1, groupId=product-group] Request joining group due to: group is already rebalancing
2026-04-25T12:39:37.723+05:30  INFO 63300 --- [product-service] [Container-0-C-1] k.c.c.i.ConsumerRebalanceListenerInvoker : [Consumer clientId=consumer-product-group-1, groupId=product-group] Revoke previously assigned partitions inventory-created-0
2026-04-25T12:39:37.723+05:30  INFO 63300 --- [product-service] [Container-0-C-1] s.k.l.ConcurrentMessageListenerContainer : product-group: partitions revoked: [inventory-created-0]
2026-04-25T12:39:37.723+05:30  INFO 63300 --- [product-service] [Container-0-C-1] o.a.k.c.c.internals.ConsumerCoordinator  : [Consumer clientId=consumer-product-group-1, groupId=product-group] (Re-)joining group
2026-04-25T12:39:37.726+05:30  INFO 63300 --- [product-service] [ntainer#0-0-C-1] o.a.k.c.c.internals.ConsumerCoordinator  : [Consumer clientId=consumer-product-group-2, groupId=product-group] Successfully joined group with generation Generation{generationId=2, memberId='consumer-product-group-2-6282046d-4a8d-436e-87f0-909d58d30898', protocol='range'}
2026-04-25T12:39:37.726+05:30  INFO 63300 --- [product-service] [Container-0-C-1] o.a.k.c.c.internals.ConsumerCoordinator  : [Consumer clientId=consumer-product-group-1, groupId=product-group] Successfully joined group with generation Generation{generationId=2, memberId='consumer-product-group-1-7c21c88e-e829-4383-b3df-d52499b945fa', protocol='range'}
2026-04-25T12:39:37.727+05:30  INFO 63300 --- [product-service] [ntainer#1-0-C-1] o.a.k.c.c.internals.ConsumerCoordinator  : [Consumer clientId=consumer-product-group-3, groupId=product-group] Request joining group due to: rebalance failed due to 'null' (UnjoinedGroupException)
2026-04-25T12:39:37.827+05:30  INFO 63300 --- [product-service] [ntainer#1-0-C-1] o.a.k.c.c.internals.ConsumerCoordinator  : [Consumer clientId=consumer-product-group-3, groupId=product-group] (Re-)joining group
2026-04-25T12:39:37.836+05:30  INFO 63300 --- [product-service] [ntainer#0-0-C-1] o.a.k.c.c.internals.ConsumerCoordinator  : [Consumer clientId=consumer-product-group-2, groupId=product-group] SyncGroup failed: The group began another rebalance. Need to re-join the group. Sent generation was Generation{generationId=2, memberId='consumer-product-group-2-6282046d-4a8d-436e-87f0-909d58d30898', protocol='range'}
2026-04-25T12:39:37.836+05:30  INFO 63300 --- [product-service] [ntainer#0-0-C-1] o.a.k.c.c.internals.ConsumerCoordinator  : [Consumer clientId=consumer-product-group-2, groupId=product-group] Request joining group due to: rebalance failed due to 'The group is rebalancing, so a rejoin is needed.' (RebalanceInProgressException)
2026-04-25T12:39:37.836+05:30  INFO 63300 --- [product-service] [ntainer#0-0-C-1] o.a.k.c.c.internals.ConsumerCoordinator  : [Consumer clientId=consumer-product-group-2, groupId=product-group] (Re-)joining group
2026-04-25T12:39:37.923+05:30  INFO 63300 --- [product-service] [Container-0-C-1] o.a.k.c.c.internals.ConsumerCoordinator  : [Consumer clientId=consumer-product-group-1, groupId=product-group] Finished assignment for group at generation 2: {consumer-product-group-2-6282046d-4a8d-436e-87f0-909d58d30898=Assignment(partitions=[inventory-response-0]), consumer-product-group-1-7c21c88e-e829-4383-b3df-d52499b945fa=Assignment(partitions=[inventory-created-0]), consumer-product-group-3-658462fb-9c23-47de-a036-9fcabc63767f=Assignment(partitions=[add-to-cart-0])}
2026-04-25T12:39:37.924+05:30  INFO 63300 --- [product-service] [Container-0-C-1] o.a.k.c.c.internals.ConsumerCoordinator  : [Consumer clientId=consumer-product-group-1, groupId=product-group] SyncGroup failed: The group began another rebalance. Need to re-join the group. Sent generation was Generation{generationId=2, memberId='consumer-product-group-1-7c21c88e-e829-4383-b3df-d52499b945fa', protocol='range'}
2026-04-25T12:39:37.924+05:30  INFO 63300 --- [product-service] [Container-0-C-1] o.a.k.c.c.internals.ConsumerCoordinator  : [Consumer clientId=consumer-product-group-1, groupId=product-group] Request joining group due to: rebalance failed due to 'The group is rebalancing, so a rejoin is needed.' (RebalanceInProgressException)
2026-04-25T12:39:37.924+05:30  INFO 63300 --- [product-service] [Container-0-C-1] o.a.k.c.c.internals.ConsumerCoordinator  : [Consumer clientId=consumer-product-group-1, groupId=product-group] (Re-)joining group
2026-04-25T12:39:37.926+05:30  INFO 63300 --- [product-service] [Container-0-C-1] o.a.k.c.c.internals.ConsumerCoordinator  : [Consumer clientId=consumer-product-group-1, groupId=product-group] Successfully joined group with generation Generation{generationId=3, memberId='consumer-product-group-1-7c21c88e-e829-4383-b3df-d52499b945fa', protocol='range'}
2026-04-25T12:39:37.926+05:30  INFO 63300 --- [product-service] [ntainer#1-0-C-1] o.a.k.c.c.internals.ConsumerCoordinator  : [Consumer clientId=consumer-product-group-3, groupId=product-group] Successfully joined group with generation Generation{generationId=3, memberId='consumer-product-group-3-658462fb-9c23-47de-a036-9fcabc63767f', protocol='range'}
2026-04-25T12:39:37.926+05:30  INFO 63300 --- [product-service] [ntainer#0-0-C-1] o.a.k.c.c.internals.ConsumerCoordinator  : [Consumer clientId=consumer-product-group-2, groupId=product-group] Successfully joined group with generation Generation{generationId=3, memberId='consumer-product-group-2-6282046d-4a8d-436e-87f0-909d58d30898', protocol='range'}
2026-04-25T12:39:37.927+05:30  INFO 63300 --- [product-service] [Container-0-C-1] o.a.k.c.c.internals.ConsumerCoordinator  : [Consumer clientId=consumer-product-group-1, groupId=product-group] Finished assignment for group at generation 3: {consumer-product-group-2-6282046d-4a8d-436e-87f0-909d58d30898=Assignment(partitions=[inventory-response-0]), consumer-product-group-1-7c21c88e-e829-4383-b3df-d52499b945fa=Assignment(partitions=[inventory-created-0]), consumer-product-group-3-658462fb-9c23-47de-a036-9fcabc63767f=Assignment(partitions=[add-to-cart-0])}
2026-04-25T12:39:37.929+05:30  INFO 63300 --- [product-service] [ntainer#0-0-C-1] o.a.k.c.c.internals.ConsumerCoordinator  : [Consumer clientId=consumer-product-group-2, groupId=product-group] Successfully synced group in generation Generation{generationId=3, memberId='consumer-product-group-2-6282046d-4a8d-436e-87f0-909d58d30898', protocol='range'}
2026-04-25T12:39:37.929+05:30  INFO 63300 --- [product-service] [Container-0-C-1] o.a.k.c.c.internals.ConsumerCoordinator  : [Consumer clientId=consumer-product-group-1, groupId=product-group] Successfully synced group in generation Generation{generationId=3, memberId='consumer-product-group-1-7c21c88e-e829-4383-b3df-d52499b945fa', protocol='range'}
2026-04-25T12:39:37.929+05:30  INFO 63300 --- [product-service] [ntainer#1-0-C-1] o.a.k.c.c.internals.ConsumerCoordinator  : [Consumer clientId=consumer-product-group-3, groupId=product-group] Successfully synced group in generation Generation{generationId=3, memberId='consumer-product-group-3-658462fb-9c23-47de-a036-9fcabc63767f', protocol='range'}
2026-04-25T12:39:37.930+05:30  INFO 63300 --- [product-service] [Container-0-C-1] o.a.k.c.c.internals.ConsumerCoordinator  : [Consumer clientId=consumer-product-group-1, groupId=product-group] Notifying assignor about the new Assignment(partitions=[inventory-created-0])
2026-04-25T12:39:37.930+05:30  INFO 63300 --- [product-service] [ntainer#1-0-C-1] o.a.k.c.c.internals.ConsumerCoordinator  : [Consumer clientId=consumer-product-group-3, groupId=product-group] Notifying assignor about the new Assignment(partitions=[add-to-cart-0])
2026-04-25T12:39:37.930+05:30  INFO 63300 --- [product-service] [ntainer#0-0-C-1] o.a.k.c.c.internals.ConsumerCoordinator  : [Consumer clientId=consumer-product-group-2, groupId=product-group] Notifying assignor about the new Assignment(partitions=[inventory-response-0])
2026-04-25T12:39:37.930+05:30  INFO 63300 --- [product-service] [Container-0-C-1] k.c.c.i.ConsumerRebalanceListenerInvoker : [Consumer clientId=consumer-product-group-1, groupId=product-group] Adding newly assigned partitions: inventory-created-0
2026-04-25T12:39:37.930+05:30  INFO 63300 --- [product-service] [ntainer#1-0-C-1] k.c.c.i.ConsumerRebalanceListenerInvoker : [Consumer clientId=consumer-product-group-3, groupId=product-group] Adding newly assigned partitions: add-to-cart-0
2026-04-25T12:39:37.930+05:30  INFO 63300 --- [product-service] [ntainer#0-0-C-1] k.c.c.i.ConsumerRebalanceListenerInvoker : [Consumer clientId=consumer-product-group-2, groupId=product-group] Adding newly assigned partitions: inventory-response-0
2026-04-25T12:39:37.931+05:30  INFO 63300 --- [product-service] [ntainer#0-0-C-1] o.a.k.c.c.internals.ConsumerCoordinator  : [Consumer clientId=consumer-product-group-2, groupId=product-group] Found no committed offset for partition inventory-response-0
2026-04-25T12:39:37.931+05:30  INFO 63300 --- [product-service] [Container-0-C-1] o.a.k.c.c.internals.ConsumerCoordinator  : [Consumer clientId=consumer-product-group-1, groupId=product-group] Found no committed offset for partition inventory-created-0
2026-04-25T12:39:37.932+05:30  INFO 63300 --- [product-service] [ntainer#1-0-C-1] o.a.k.c.c.internals.ConsumerCoordinator  : [Consumer clientId=consumer-product-group-3, groupId=product-group] Found no committed offset for partition add-to-cart-0
2026-04-25T12:39:37.932+05:30  INFO 63300 --- [product-service] [Container-0-C-1] o.a.k.c.c.internals.SubscriptionState    : [Consumer clientId=consumer-product-group-1, groupId=product-group] Resetting offset for partition inventory-created-0 to position FetchPosition{offset=0, offsetEpoch=Optional.empty, currentLeader=LeaderAndEpoch{leader=Optional[localhost:9092 (id: 1 rack: null)], epoch=8}}.
2026-04-25T12:39:37.933+05:30  INFO 63300 --- [product-service] [Container-0-C-1] s.k.l.ConcurrentMessageListenerContainer : product-group: partitions assigned: [inventory-created-0]
2026-04-25T12:39:37.933+05:30  INFO 63300 --- [product-service] [ntainer#1-0-C-1] o.a.k.c.c.internals.SubscriptionState    : [Consumer clientId=consumer-product-group-3, groupId=product-group] Resetting offset for partition add-to-cart-0 to position FetchPosition{offset=0, offsetEpoch=Optional.empty, currentLeader=LeaderAndEpoch{leader=Optional[localhost:9092 (id: 1 rack: null)], epoch=8}}.
2026-04-25T12:39:37.933+05:30  INFO 63300 --- [product-service] [ntainer#0-0-C-1] o.a.k.c.c.internals.SubscriptionState    : [Consumer clientId=consumer-product-group-2, groupId=product-group] Resetting offset for partition inventory-response-0 to position FetchPosition{offset=0, offsetEpoch=Optional.empty, currentLeader=LeaderAndEpoch{leader=Optional[localhost:9092 (id: 1 rack: null)], epoch=8}}.
2026-04-25T12:39:37.933+05:30  INFO 63300 --- [product-service] [ntainer#0-0-C-1] o.s.k.l.KafkaMessageListenerContainer    : product-group: partitions assigned: [inventory-response-0]
2026-04-25T12:39:37.933+05:30  INFO 63300 --- [product-service] [ntainer#1-0-C-1] o.s.k.l.KafkaMessageListenerContainer    : product-group: partitions assigned: [add-to-cart-0]
2026-04-25T12:40:05.065+05:30  INFO 63300 --- [product-service] [nio-8084-exec-1] o.a.c.c.C.[Tomcat].[localhost].[/]       : Initializing Spring DispatcherServlet 'dispatcherServlet'
2026-04-25T12:40:05.066+05:30  INFO 63300 --- [product-service] [nio-8084-exec-1] o.s.web.servlet.DispatcherServlet        : Initializing Servlet 'dispatcherServlet'
2026-04-25T12:40:05.067+05:30  INFO 63300 --- [product-service] [nio-8084-exec-1] o.s.web.servlet.DispatcherServlet        : Completed initialization in 1 ms
path->/api/v1/products/
rolesHeader->null
email->null
2026-04-25T12:40:05.160+05:30  WARN 63300 --- [product-service] [nio-8084-exec-1] .m.m.a.ExceptionHandlerExceptionResolver : Resolved [org.springframework.web.servlet.resource.NoResourceFoundException: No static resource api/v1/products.]
path->/api/v1/products
rolesHeader->null
email->null
2026-04-25T12:41:07.199+05:30  INFO 63300 --- [product-service] [rap-executor-%d] c.n.d.s.r.aws.ConfigClusterResolver      : Resolving eureka endpoints via configuration
2026-04-25T12:45:07.842+05:30  INFO 63300 --- [product-service] [ntainer#0-0-C-1] org.apache.kafka.clients.NetworkClient   : [Consumer clientId=consumer-product-group-2, groupId=product-group] Node -1 disconnected.
2026-04-25T12:45:07.842+05:30  INFO 63300 --- [product-service] [Container-0-C-1] org.apache.kafka.clients.NetworkClient   : [Consumer clientId=consumer-product-group-1, groupId=product-group] Node -1 disconnected.
2026-04-25T12:45:07.842+05:30  INFO 63300 --- [product-service] [ntainer#1-0-C-1] org.apache.kafka.clients.NetworkClient   : [Consumer clientId=consumer-product-group-3, groupId=product-group] Node -1 disconnected.
2026-04-25T12:46:07.215+05:30  INFO 63300 --- [product-service] [rap-executor-%d] c.n.d.s.r.aws.ConfigClusterResolver      : Resolving eureka endpoints via configuration
2026-04-25T12:51:07.220+05:30  INFO 63300 --- [product-service] [rap-executor-%d] c.n.d.s.r.aws.ConfigClusterResolver      : Resolving eureka endpoints via configuration
2026-04-25T12:55:07.489+05:30  INFO 63300 --- [product-service] [Container-0-C-1] org.apache.kafka.clients.NetworkClient   : [Consumer clientId=consumer-product-group-1, groupId=product-group] Node -1 disconnected.
2026-04-25T12:55:07.550+05:30  INFO 63300 --- [product-service] [ntainer#1-0-C-1] org.apache.kafka.clients.NetworkClient   : [Consumer clientId=consumer-product-group-3, groupId=product-group] Node -1 disconnected.
2026-04-25T12:55:08.052+05:30  INFO 63300 --- [product-service] [ntainer#0-0-C-1] org.apache.kafka.clients.NetworkClient   : [Consumer clientId=consumer-product-group-2, groupId=product-group] Node -1 disconnected.
2026-04-25T12:56:06.178+05:30  INFO 63300 --- [product-service] [ntainer#1-0-C-1] o.a.k.c.c.internals.ConsumerCoordinator  : [Consumer clientId=consumer-product-group-3, groupId=product-group] Attempt to heartbeat failed since coordinator localhost:9092 (id: 2147483646 rack: null) is either not started or not valid
2026-04-25T12:56:06.190+05:30  INFO 63300 --- [product-service] [Container-0-C-1] o.a.k.c.c.internals.ConsumerCoordinator  : [Consumer clientId=consumer-product-group-1, groupId=product-group] Attempt to heartbeat failed since coordinator localhost:9092 (id: 2147483646 rack: null) is either not started or not valid
2026-04-25T12:56:06.201+05:30  INFO 63300 --- [product-service] [ntainer#0-0-C-1] o.a.k.c.c.internals.ConsumerCoordinator  : [Consumer clientId=consumer-product-group-2, groupId=product-group] Attempt to heartbeat failed since coordinator localhost:9092 (id: 2147483646 rack: null) is either not started or not valid
2026-04-25T12:56:06.408+05:30  INFO 63300 --- [product-service] [ntainer#0-0-C-1] o.a.k.c.c.internals.ConsumerCoordinator  : [Consumer clientId=consumer-product-group-2, groupId=product-group] Group coordinator localhost:9092 (id: 2147483646 rack: null) is unavailable or invalid due to cause: error response NOT_COORDINATOR. isDisconnected: false. Rediscovery will be attempted.
2026-04-25T12:56:06.410+05:30  INFO 63300 --- [product-service] [Container-0-C-1] o.a.k.c.c.internals.ConsumerCoordinator  : [Consumer clientId=consumer-product-group-1, groupId=product-group] Group coordinator localhost:9092 (id: 2147483646 rack: null) is unavailable or invalid due to cause: error response NOT_COORDINATOR. isDisconnected: false. Rediscovery will be attempted.
2026-04-25T12:56:06.409+05:30  INFO 63300 --- [product-service] [ntainer#1-0-C-1] o.a.k.c.c.internals.ConsumerCoordinator  : [Consumer clientId=consumer-product-group-3, groupId=product-group] Group coordinator localhost:9092 (id: 2147483646 rack: null) is unavailable or invalid due to cause: error response NOT_COORDINATOR. isDisconnected: false. Rediscovery will be attempted.
2026-04-25T12:56:06.435+05:30  INFO 63300 --- [product-service] [ntainer#0-0-C-1] o.a.k.c.c.internals.ConsumerCoordinator  : [Consumer clientId=consumer-product-group-2, groupId=product-group] Requesting disconnect from last known coordinator localhost:9092 (id: 2147483646 rack: null)
2026-04-25T12:56:06.435+05:30  INFO 63300 --- [product-service] [ntainer#1-0-C-1] o.a.k.c.c.internals.ConsumerCoordinator  : [Consumer clientId=consumer-product-group-3, groupId=product-group] Requesting disconnect from last known coordinator localhost:9092 (id: 2147483646 rack: null)
2026-04-25T12:56:06.435+05:30  INFO 63300 --- [product-service] [Container-0-C-1] o.a.k.c.c.internals.ConsumerCoordinator  : [Consumer clientId=consumer-product-group-1, groupId=product-group] Requesting disconnect from last known coordinator localhost:9092 (id: 2147483646 rack: null)
2026-04-25T12:56:06.456+05:30  INFO 63300 --- [product-service] [| product-group] org.apache.kafka.clients.NetworkClient   : [Consumer clientId=consumer-product-group-3, groupId=product-group] Client requested disconnect from node 2147483646
2026-04-25T12:56:06.456+05:30  INFO 63300 --- [product-service] [| product-group] org.apache.kafka.clients.NetworkClient   : [Consumer clientId=consumer-product-group-2, groupId=product-group] Client requested disconnect from node 2147483646
2026-04-25T12:56:06.465+05:30  INFO 63300 --- [product-service] [| product-group] org.apache.kafka.clients.NetworkClient   : [Consumer clientId=consumer-product-group-1, groupId=product-group] Client requested disconnect from node 2147483646
2026-04-25T12:56:06.948+05:30  INFO 63300 --- [product-service] [ntainer#0-0-C-1] o.a.k.c.c.internals.ConsumerCoordinator  : [Consumer clientId=consumer-product-group-2, groupId=product-group] Discovered group coordinator localhost:9092 (id: 2147483646 rack: null)
2026-04-25T12:56:07.164+05:30  INFO 63300 --- [product-service] [ntainer#1-0-C-1] o.a.k.c.c.internals.ConsumerCoordinator  : [Consumer clientId=consumer-product-group-3, groupId=product-group] Discovered group coordinator localhost:9092 (id: 2147483646 rack: null)
2026-04-25T12:56:07.213+05:30  INFO 63300 --- [product-service] [Container-0-C-1] o.a.k.c.c.internals.ConsumerCoordinator  : [Consumer clientId=consumer-product-group-1, groupId=product-group] Discovered group coordinator localhost:9092 (id: 2147483646 rack: null)
2026-04-25T12:56:07.237+05:30  INFO 63300 --- [product-service] [rap-executor-%d] c.n.d.s.r.aws.ConfigClusterResolver      : Resolving eureka endpoints via configuration
2026-04-25T12:56:08.134+05:30  INFO 63300 --- [product-service] [ntainer#1-0-C-1] o.a.k.c.c.internals.ConsumerCoordinator  : [Consumer clientId=consumer-product-group-3, groupId=product-group] Attempt to heartbeat failed since coordinator localhost:9092 (id: 2147483646 rack: null) is either not started or not valid
2026-04-25T12:56:08.152+05:30  INFO 63300 --- [product-service] [ntainer#1-0-C-1] o.a.k.c.c.internals.ConsumerCoordinator  : [Consumer clientId=consumer-product-group-3, groupId=product-group] Group coordinator localhost:9092 (id: 2147483646 rack: null) is unavailable or invalid due to cause: error response NOT_COORDINATOR. isDisconnected: false. Rediscovery will be attempted.
2026-04-25T12:56:08.153+05:30  INFO 63300 --- [product-service] [ntainer#1-0-C-1] o.a.k.c.c.internals.ConsumerCoordinator  : [Consumer clientId=consumer-product-group-3, groupId=product-group] Requesting disconnect from last known coordinator localhost:9092 (id: 2147483646 rack: null)
2026-04-25T12:56:08.137+05:30  INFO 63300 --- [product-service] [Container-0-C-1] o.a.k.c.c.internals.ConsumerCoordinator  : [Consumer clientId=consumer-product-group-1, groupId=product-group] Attempt to heartbeat failed since coordinator localhost:9092 (id: 2147483646 rack: null) is either not started or not valid
2026-04-25T12:56:08.154+05:30  INFO 63300 --- [product-service] [Container-0-C-1] o.a.k.c.c.internals.ConsumerCoordinator  : [Consumer clientId=consumer-product-group-1, groupId=product-group] Group coordinator localhost:9092 (id: 2147483646 rack: null) is unavailable or invalid due to cause: error response NOT_COORDINATOR. isDisconnected: false. Rediscovery will be attempted.
2026-04-25T12:56:08.154+05:30  INFO 63300 --- [product-service] [Container-0-C-1] o.a.k.c.c.internals.ConsumerCoordinator  : [Consumer clientId=consumer-product-group-1, groupId=product-group] Requesting disconnect from last known coordinator localhost:9092 (id: 2147483646 rack: null)
2026-04-25T12:56:08.137+05:30  INFO 63300 --- [product-service] [ntainer#0-0-C-1] o.a.k.c.c.internals.ConsumerCoordinator  : [Consumer clientId=consumer-product-group-2, groupId=product-group] Attempt to heartbeat failed since coordinator localhost:9092 (id: 2147483646 rack: null) is either not started or not valid
2026-04-25T12:56:08.155+05:30  INFO 63300 --- [product-service] [ntainer#0-0-C-1] o.a.k.c.c.internals.ConsumerCoordinator  : [Consumer clientId=consumer-product-group-2, groupId=product-group] Group coordinator localhost:9092 (id: 2147483646 rack: null) is unavailable or invalid due to cause: error response NOT_COORDINATOR. isDisconnected: false. Rediscovery will be attempted.
2026-04-25T12:56:08.155+05:30  INFO 63300 --- [product-service] [ntainer#0-0-C-1] o.a.k.c.c.internals.ConsumerCoordinator  : [Consumer clientId=consumer-product-group-2, groupId=product-group] Requesting disconnect from last known coordinator localhost:9092 (id: 2147483646 rack: null)
2026-04-25T12:56:08.156+05:30  INFO 63300 --- [product-service] [Container-0-C-1] org.apache.kafka.clients.NetworkClient   : [Consumer clientId=consumer-product-group-1, groupId=product-group] Client requested disconnect from node 2147483646
2026-04-25T12:56:08.158+05:30  INFO 63300 --- [product-service] [| product-group] org.apache.kafka.clients.NetworkClient   : [Consumer clientId=consumer-product-group-2, groupId=product-group] Client requested disconnect from node 2147483646
2026-04-25T12:56:08.158+05:30  INFO 63300 --- [product-service] [| product-group] org.apache.kafka.clients.NetworkClient   : [Consumer clientId=consumer-product-group-3, groupId=product-group] Client requested disconnect from node 2147483646
2026-04-25T12:56:08.544+05:30  INFO 63300 --- [product-service] [ntainer#1-0-C-1] o.a.k.c.c.internals.ConsumerCoordinator  : [Consumer clientId=consumer-product-group-3, groupId=product-group] Discovered group coordinator localhost:9092 (id: 2147483646 rack: null)
2026-04-25T12:56:08.544+05:30  INFO 63300 --- [product-service] [ntainer#0-0-C-1] o.a.k.c.c.internals.ConsumerCoordinator  : [Consumer clientId=consumer-product-group-2, groupId=product-group] Discovered group coordinator localhost:9092 (id: 2147483646 rack: null)
2026-04-25T12:56:08.571+05:30  INFO 63300 --- [product-service] [Container-0-C-1] o.a.k.c.c.internals.ConsumerCoordinator  : [Consumer clientId=consumer-product-group-1, groupId=product-group] Discovered group coordinator localhost:9092 (id: 2147483646 rack: null)
2026-04-25T12:56:09.808+05:30  INFO 63300 --- [product-service] [Container-0-C-1] o.a.k.c.c.internals.ConsumerCoordinator  : [Consumer clientId=consumer-product-group-1, groupId=product-group] Attempt to heartbeat failed since coordinator localhost:9092 (id: 2147483646 rack: null) is either not started or not valid
2026-04-25T12:56:09.845+05:30  INFO 63300 --- [product-service] [ntainer#0-0-C-1] o.a.k.c.c.internals.ConsumerCoordinator  : [Consumer clientId=consumer-product-group-2, groupId=product-group] Attempt to heartbeat failed since coordinator localhost:9092 (id: 2147483646 rack: null) is either not started or not valid
2026-04-25T12:56:09.848+05:30  INFO 63300 --- [product-service] [Container-0-C-1] o.a.k.c.c.internals.ConsumerCoordinator  : [Consumer clientId=consumer-product-group-1, groupId=product-group] Group coordinator localhost:9092 (id: 2147483646 rack: null) is unavailable or invalid due to cause: error response NOT_COORDINATOR. isDisconnected: false. Rediscovery will be attempted.
2026-04-25T12:56:09.848+05:30  INFO 63300 --- [product-service] [ntainer#0-0-C-1] o.a.k.c.c.internals.ConsumerCoordinator  : [Consumer clientId=consumer-product-group-2, groupId=product-group] Group coordinator localhost:9092 (id: 2147483646 rack: null) is unavailable or invalid due to cause: error response NOT_COORDINATOR. isDisconnected: false. Rediscovery will be attempted.
2026-04-25T12:56:09.850+05:30  INFO 63300 --- [product-service] [ntainer#0-0-C-1] o.a.k.c.c.internals.ConsumerCoordinator  : [Consumer clientId=consumer-product-group-2, groupId=product-group] Requesting disconnect from last known coordinator localhost:9092 (id: 2147483646 rack: null)
2026-04-25T12:56:09.851+05:30  INFO 63300 --- [product-service] [ntainer#0-0-C-1] org.apache.kafka.clients.NetworkClient   : [Consumer clientId=consumer-product-group-2, groupId=product-group] Client requested disconnect from node 2147483646
2026-04-25T12:56:09.848+05:30  INFO 63300 --- [product-service] [Container-0-C-1] o.a.k.c.c.internals.ConsumerCoordinator  : [Consumer clientId=consumer-product-group-1, groupId=product-group] Requesting disconnect from last known coordinator localhost:9092 (id: 2147483646 rack: null)
2026-04-25T12:56:09.890+05:30  INFO 63300 --- [product-service] [Container-0-C-1] org.apache.kafka.clients.NetworkClient   : [Consumer clientId=consumer-product-group-1, groupId=product-group] Client requested disconnect from node 2147483646
2026-04-25T12:56:10.046+05:30  INFO 63300 --- [product-service] [ntainer#0-0-C-1] o.a.k.c.c.internals.ConsumerCoordinator  : [Consumer clientId=consumer-product-group-2, groupId=product-group] Discovered group coordinator localhost:9092 (id: 2147483646 rack: null)
2026-04-25T12:56:10.152+05:30  INFO 63300 --- [product-service] [Container-0-C-1] o.a.k.c.c.internals.ConsumerCoordinator  : [Consumer clientId=consumer-product-group-1, groupId=product-group] Discovered group coordinator localhost:9092 (id: 2147483646 rack: null)
2026-04-25T12:56:10.429+05:30  INFO 63300 --- [product-service] [Container-0-C-1] o.a.k.c.c.internals.ConsumerCoordinator  : [Consumer clientId=consumer-product-group-1, groupId=product-group] Discovered group coordinator localhost:9092 (id: 2147483646 rack: null)
2026-04-25T12:56:10.632+05:30  INFO 63300 --- [product-service] [ntainer#1-0-C-1] o.a.k.c.c.internals.ConsumerCoordinator  : [Consumer clientId=consumer-product-group-3, groupId=product-group] Attempt to heartbeat failed since coordinator localhost:9092 (id: 2147483646 rack: null) is either not started or not valid
2026-04-25T12:56:10.659+05:30  INFO 63300 --- [product-service] [ntainer#1-0-C-1] o.a.k.c.c.internals.ConsumerCoordinator  : [Consumer clientId=consumer-product-group-3, groupId=product-group] Group coordinator localhost:9092 (id: 2147483646 rack: null) is unavailable or invalid due to cause: error response NOT_COORDINATOR. isDisconnected: false. Rediscovery will be attempted.
2026-04-25T12:56:10.721+05:30  INFO 63300 --- [product-service] [ntainer#1-0-C-1] o.a.k.c.c.internals.ConsumerCoordinator  : [Consumer clientId=consumer-product-group-3, groupId=product-group] Requesting disconnect from last known coordinator localhost:9092 (id: 2147483646 rack: null)
2026-04-25T12:56:10.727+05:30  INFO 63300 --- [product-service] [ntainer#1-0-C-1] org.apache.kafka.clients.NetworkClient   : [Consumer clientId=consumer-product-group-3, groupId=product-group] Client requested disconnect from node 2147483646
2026-04-25T12:56:10.887+05:30  INFO 63300 --- [product-service] [ntainer#1-0-C-1] o.a.k.c.c.internals.ConsumerCoordinator  : [Consumer clientId=consumer-product-group-3, groupId=product-group] Discovered group coordinator localhost:9092 (id: 2147483646 rack: null)
2026-04-25T12:56:11.224+05:30  INFO 63300 --- [product-service] [ntainer#1-0-C-1] o.a.k.c.c.internals.ConsumerCoordinator  : [Consumer clientId=consumer-product-group-3, groupId=product-group] Discovered group coordinator localhost:9092 (id: 2147483646 rack: null)
2026-04-25T12:56:13.295+05:30  INFO 63300 --- [product-service] [ntainer#1-0-C-1] o.a.k.c.c.internals.ConsumerCoordinator  : [Consumer clientId=consumer-product-group-3, groupId=product-group] Attempt to heartbeat failed since coordinator localhost:9092 (id: 2147483646 rack: null) is either not started or not valid
2026-04-25T12:56:13.295+05:30  INFO 63300 --- [product-service] [ntainer#0-0-C-1] o.a.k.c.c.internals.ConsumerCoordinator  : [Consumer clientId=consumer-product-group-2, groupId=product-group] Attempt to heartbeat failed since coordinator localhost:9092 (id: 2147483646 rack: null) is either not started or not valid
2026-04-25T12:56:13.295+05:30  INFO 63300 --- [product-service] [Container-0-C-1] o.a.k.c.c.internals.ConsumerCoordinator  : [Consumer clientId=consumer-product-group-1, groupId=product-group] Attempt to heartbeat failed since coordinator localhost:9092 (id: 2147483646 rack: null) is either not started or not valid
2026-04-25T12:56:13.308+05:30  INFO 63300 --- [product-service] [Container-0-C-1] o.a.k.c.c.internals.ConsumerCoordinator  : [Consumer clientId=consumer-product-group-1, groupId=product-group] Group coordinator localhost:9092 (id: 2147483646 rack: null) is unavailable or invalid due to cause: error response NOT_COORDINATOR. isDisconnected: false. Rediscovery will be attempted.
2026-04-25T12:56:13.308+05:30  INFO 63300 --- [product-service] [ntainer#0-0-C-1] o.a.k.c.c.internals.ConsumerCoordinator  : [Consumer clientId=consumer-product-group-2, groupId=product-group] Group coordinator localhost:9092 (id: 2147483646 rack: null) is unavailable or invalid due to cause: error response NOT_COORDINATOR. isDisconnected: false. Rediscovery will be attempted.
2026-04-25T12:56:13.308+05:30  INFO 63300 --- [product-service] [ntainer#1-0-C-1] o.a.k.c.c.internals.ConsumerCoordinator  : [Consumer clientId=consumer-product-group-3, groupId=product-group] Group coordinator localhost:9092 (id: 2147483646 rack: null) is unavailable or invalid due to cause: error response NOT_COORDINATOR. isDisconnected: false. Rediscovery will be attempted.
2026-04-25T12:56:13.338+05:30  INFO 63300 --- [product-service] [Container-0-C-1] o.a.k.c.c.internals.ConsumerCoordinator  : [Consumer clientId=consumer-product-group-1, groupId=product-group] Requesting disconnect from last known coordinator localhost:9092 (id: 2147483646 rack: null)
2026-04-25T12:56:13.347+05:30  INFO 63300 --- [product-service] [Container-0-C-1] org.apache.kafka.clients.NetworkClient   : [Consumer clientId=consumer-product-group-1, groupId=product-group] Client requested disconnect from node 2147483646
2026-04-25T12:56:13.338+05:30  INFO 63300 --- [product-service] [ntainer#0-0-C-1] o.a.k.c.c.internals.ConsumerCoordinator  : [Consumer clientId=consumer-product-group-2, groupId=product-group] Requesting disconnect from last known coordinator localhost:9092 (id: 2147483646 rack: null)
2026-04-25T12:56:13.348+05:30  INFO 63300 --- [product-service] [ntainer#0-0-C-1] org.apache.kafka.clients.NetworkClient   : [Consumer clientId=consumer-product-group-2, groupId=product-group] Client requested disconnect from node 2147483646
2026-04-25T12:56:13.338+05:30  INFO 63300 --- [product-service] [ntainer#1-0-C-1] o.a.k.c.c.internals.ConsumerCoordinator  : [Consumer clientId=consumer-product-group-3, groupId=product-group] Requesting disconnect from last known coordinator localhost:9092 (id: 2147483646 rack: null)
2026-04-25T12:56:13.349+05:30  INFO 63300 --- [product-service] [| product-group] org.apache.kafka.clients.NetworkClient   : [Consumer clientId=consumer-product-group-3, groupId=product-group] Client requested disconnect from node 2147483646
2026-04-25T12:56:13.358+05:30  INFO 63300 --- [product-service] [ntainer#0-0-C-1] org.apache.kafka.clients.NetworkClient   : [Consumer clientId=consumer-product-group-2, groupId=product-group] Cancelled in-flight HEARTBEAT request with correlation id 2479 due to node 2147483646 being disconnected (elapsed time since creation: 107ms, elapsed time since send: 107ms, request timeout: 30000ms)
2026-04-25T12:56:14.395+05:30  INFO 63300 --- [product-service] [ntainer#1-0-C-1] o.a.k.c.c.internals.ConsumerCoordinator  : [Consumer clientId=consumer-product-group-3, groupId=product-group] Discovered group coordinator localhost:9092 (id: 2147483646 rack: null)
2026-04-25T12:56:14.499+05:30  INFO 63300 --- [product-service] [Container-0-C-1] o.a.k.c.c.internals.ConsumerCoordinator  : [Consumer clientId=consumer-product-group-1, groupId=product-group] Discovered group coordinator localhost:9092 (id: 2147483646 rack: null)
2026-04-25T12:56:14.831+05:30  INFO 63300 --- [product-service] [ntainer#0-0-C-1] o.a.k.c.c.internals.ConsumerCoordinator  : [Consumer clientId=consumer-product-group-2, groupId=product-group] Discovered group coordinator localhost:9092 (id: 2147483646 rack: null)
2026-04-25T12:56:15.482+05:30  INFO 63300 --- [product-service] [ntainer#1-0-C-1] o.a.k.c.c.internals.ConsumerCoordinator  : [Consumer clientId=consumer-product-group-3, groupId=product-group] Attempt to heartbeat failed since coordinator localhost:9092 (id: 2147483646 rack: null) is either not started or not valid
2026-04-25T12:56:15.556+05:30  INFO 63300 --- [product-service] [ntainer#1-0-C-1] o.a.k.c.c.internals.ConsumerCoordinator  : [Consumer clientId=consumer-product-group-3, groupId=product-group] Group coordinator localhost:9092 (id: 2147483646 rack: null) is unavailable or invalid due to cause: error response NOT_COORDINATOR. isDisconnected: false. Rediscovery will be attempted.
2026-04-25T12:56:15.607+05:30  INFO 63300 --- [product-service] [ntainer#1-0-C-1] o.a.k.c.c.internals.ConsumerCoordinator  : [Consumer clientId=consumer-product-group-3, groupId=product-group] Requesting disconnect from last known coordinator localhost:9092 (id: 2147483646 rack: null)
2026-04-25T12:56:15.664+05:30  INFO 63300 --- [product-service] [| product-group] org.apache.kafka.clients.NetworkClient   : [Consumer clientId=consumer-product-group-3, groupId=product-group] Client requested disconnect from node 2147483646
2026-04-25T12:56:24.801+05:30  INFO 63300 --- [product-service] [Container-0-C-1] o.a.k.c.c.internals.ConsumerCoordinator  : [Consumer clientId=consumer-product-group-1, groupId=product-group] Attempt to heartbeat failed since coordinator localhost:9092 (id: 2147483646 rack: null) is either not started or not valid
2026-04-25T12:56:24.871+05:30  INFO 63300 --- [product-service] [| product-group] o.a.k.c.c.internals.ConsumerCoordinator  : [Consumer clientId=consumer-product-group-1, groupId=product-group] Attempt to heartbeat failed since coordinator localhost:9092 (id: 2147483646 rack: null) is either not started or not valid
2026-04-25T12:56:24.922+05:30  INFO 63300 --- [product-service] [| product-group] o.a.k.c.c.internals.ConsumerCoordinator  : [Consumer clientId=consumer-product-group-1, groupId=product-group] Group coordinator localhost:9092 (id: 2147483646 rack: null) is unavailable or invalid due to cause: error response NOT_COORDINATOR. isDisconnected: false. Rediscovery will be attempted.
2026-04-25T12:56:24.941+05:30  INFO 63300 --- [product-service] [| product-group] o.a.k.c.c.internals.ConsumerCoordinator  : [Consumer clientId=consumer-product-group-1, groupId=product-group] Requesting disconnect from last known coordinator localhost:9092 (id: 2147483646 rack: null)
2026-04-25T12:56:24.949+05:30  INFO 63300 --- [product-service] [Container-0-C-1] org.apache.kafka.clients.NetworkClient   : [Consumer clientId=consumer-product-group-1, groupId=product-group] Client requested disconnect from node 2147483646
2026-04-25T12:56:24.965+05:30  INFO 63300 --- [product-service] [Container-0-C-1] org.apache.kafka.clients.NetworkClient   : [Consumer clientId=consumer-product-group-1, groupId=product-group] Cancelled in-flight HEARTBEAT request with correlation id 2451 due to node 2147483646 being disconnected (elapsed time since creation: 4368ms, elapsed time since send: 216ms, request timeout: 30000ms)
2026-04-25T12:56:24.971+05:30  INFO 63300 --- [product-service] [Container-0-C-1] org.apache.kafka.clients.NetworkClient   : [Consumer clientId=consumer-product-group-1, groupId=product-group] Cancelled in-flight HEARTBEAT request with correlation id 2452 due to node 2147483646 being disconnected (elapsed time since creation: 1316ms, elapsed time since send: 216ms, request timeout: 30000ms)
2026-04-25T12:56:25.219+05:30  INFO 63300 --- [product-service] [Container-0-C-1] o.a.k.c.c.internals.ConsumerCoordinator  : [Consumer clientId=consumer-product-group-1, groupId=product-group] Discovered group coordinator localhost:9092 (id: 2147483646 rack: null)
2026-04-25T12:56:25.401+05:30  INFO 63300 --- [product-service] [ntainer#1-0-C-1] o.a.k.c.c.internals.ConsumerCoordinator  : [Consumer clientId=consumer-product-group-3, groupId=product-group] Discovered group coordinator localhost:9092 (id: 2147483646 rack: null)
2026-04-25T12:56:25.490+05:30  INFO 63300 --- [product-service] [ntainer#1-0-C-1] o.a.k.c.c.internals.ConsumerCoordinator  : [Consumer clientId=consumer-product-group-3, groupId=product-group] Discovered group coordinator localhost:9092 (id: 2147483646 rack: null)
2026-04-25T12:56:25.930+05:30  INFO 63300 --- [product-service] [| product-group] o.a.k.c.c.internals.ConsumerCoordinator  : [Consumer clientId=consumer-product-group-2, groupId=product-group] Attempt to heartbeat failed since coordinator localhost:9092 (id: 2147483646 rack: null) is either not started or not valid
2026-04-25T12:56:26.042+05:30  INFO 63300 --- [product-service] [| product-group] o.a.k.c.c.internals.ConsumerCoordinator  : [Consumer clientId=consumer-product-group-2, groupId=product-group] Group coordinator localhost:9092 (id: 2147483646 rack: null) is unavailable or invalid due to cause: error response NOT_COORDINATOR. isDisconnected: false. Rediscovery will be attempted.
2026-04-25T12:56:26.101+05:30  INFO 63300 --- [product-service] [| product-group] o.a.k.c.c.internals.ConsumerCoordinator  : [Consumer clientId=consumer-product-group-2, groupId=product-group] Requesting disconnect from last known coordinator localhost:9092 (id: 2147483646 rack: null)
2026-04-25T12:56:26.120+05:30  INFO 63300 --- [product-service] [ntainer#0-0-C-1] org.apache.kafka.clients.NetworkClient   : [Consumer clientId=consumer-product-group-2, groupId=product-group] Client requested disconnect from node 2147483646
2026-04-25T12:56:26.132+05:30  INFO 63300 --- [product-service] [ntainer#0-0-C-1] org.apache.kafka.clients.NetworkClient   : [Consumer clientId=consumer-product-group-2, groupId=product-group] Cancelled in-flight HEARTBEAT request with correlation id 2484 due to node 2147483646 being disconnected (elapsed time since creation: 8152ms, elapsed time since send: 414ms, request timeout: 30000ms)
2026-04-25T12:56:26.134+05:30  INFO 63300 --- [product-service] [ntainer#0-0-C-1] org.apache.kafka.clients.NetworkClient   : [Consumer clientId=consumer-product-group-2, groupId=product-group] Cancelled in-flight HEARTBEAT request with correlation id 2485 due to node 2147483646 being disconnected (elapsed time since creation: 5133ms, elapsed time since send: 411ms, request timeout: 30000ms)
2026-04-25T12:56:26.139+05:30  INFO 63300 --- [product-service] [ntainer#0-0-C-1] org.apache.kafka.clients.NetworkClient   : [Consumer clientId=consumer-product-group-2, groupId=product-group] Cancelled in-flight HEARTBEAT request with correlation id 2486 due to node 2147483646 being disconnected (elapsed time since creation: 2132ms, elapsed time since send: 411ms, request timeout: 30000ms)
2026-04-25T12:56:26.303+05:30  INFO 63300 --- [product-service] [ntainer#0-0-C-1] o.a.k.c.c.internals.ConsumerCoordinator  : [Consumer clientId=consumer-product-group-2, groupId=product-group] Discovered group coordinator localhost:9092 (id: 2147483646 rack: null)
2026-04-25T12:56:26.493+05:30  INFO 63300 --- [product-service] [ntainer#1-0-C-1] o.a.k.c.c.internals.ConsumerCoordinator  : [Consumer clientId=consumer-product-group-3, groupId=product-group] Attempt to heartbeat failed since coordinator localhost:9092 (id: 2147483646 rack: null) is either not started or not valid
2026-04-25T12:56:26.500+05:30  INFO 63300 --- [product-service] [ntainer#1-0-C-1] o.a.k.c.c.internals.ConsumerCoordinator  : [Consumer clientId=consumer-product-group-3, groupId=product-group] Group coordinator localhost:9092 (id: 2147483646 rack: null) is unavailable or invalid due to cause: error response NOT_COORDINATOR. isDisconnected: false. Rediscovery will be attempted.
2026-04-25T12:56:26.500+05:30  INFO 63300 --- [product-service] [ntainer#1-0-C-1] o.a.k.c.c.internals.ConsumerCoordinator  : [Consumer clientId=consumer-product-group-3, groupId=product-group] Requesting disconnect from last known coordinator localhost:9092 (id: 2147483646 rack: null)
2026-04-25T12:56:26.500+05:30  INFO 63300 --- [product-service] [ntainer#1-0-C-1] org.apache.kafka.clients.NetworkClient   : [Consumer clientId=consumer-product-group-3, groupId=product-group] Client requested disconnect from node 2147483646
2026-04-25T12:56:26.493+05:30  INFO 63300 --- [product-service] [Container-0-C-1] o.a.k.c.c.internals.ConsumerCoordinator  : [Consumer clientId=consumer-product-group-1, groupId=product-group] Attempt to heartbeat failed since coordinator localhost:9092 (id: 2147483646 rack: null) is either not started or not valid
2026-04-25T12:56:26.502+05:30  INFO 63300 --- [product-service] [Container-0-C-1] o.a.k.c.c.internals.ConsumerCoordinator  : [Consumer clientId=consumer-product-group-1, groupId=product-group] Group coordinator localhost:9092 (id: 2147483646 rack: null) is unavailable or invalid due to cause: error response NOT_COORDINATOR. isDisconnected: false. Rediscovery will be attempted.
2026-04-25T12:56:26.502+05:30  INFO 63300 --- [product-service] [Container-0-C-1] o.a.k.c.c.internals.ConsumerCoordinator  : [Consumer clientId=consumer-product-group-1, groupId=product-group] Requesting disconnect from last known coordinator localhost:9092 (id: 2147483646 rack: null)
2026-04-25T12:56:26.502+05:30  INFO 63300 --- [product-service] [Container-0-C-1] org.apache.kafka.clients.NetworkClient   : [Consumer clientId=consumer-product-group-1, groupId=product-group] Client requested disconnect from node 2147483646
2026-04-25T12:56:26.821+05:30  INFO 63300 --- [product-service] [ntainer#1-0-C-1] o.a.k.c.c.internals.ConsumerCoordinator  : [Consumer clientId=consumer-product-group-3, groupId=product-group] Discovered group coordinator localhost:9092 (id: 2147483646 rack: null)
2026-04-25T12:56:26.955+05:30  INFO 63300 --- [product-service] [Container-0-C-1] o.a.k.c.c.internals.ConsumerCoordinator  : [Consumer clientId=consumer-product-group-1, groupId=product-group] Discovered group coordinator localhost:9092 (id: 2147483646 rack: null)
2026-04-25T12:56:27.305+05:30  INFO 63300 --- [product-service] [ntainer#0-0-C-1] o.a.k.c.c.internals.ConsumerCoordinator  : [Consumer clientId=consumer-product-group-2, groupId=product-group] Attempt to heartbeat failed since coordinator localhost:9092 (id: 2147483646 rack: null) is either not started or not valid
2026-04-25T12:56:27.391+05:30  INFO 63300 --- [product-service] [ntainer#0-0-C-1] o.a.k.c.c.internals.ConsumerCoordinator  : [Consumer clientId=consumer-product-group-2, groupId=product-group] Group coordinator localhost:9092 (id: 2147483646 rack: null) is unavailable or invalid due to cause: error response NOT_COORDINATOR. isDisconnected: false. Rediscovery will be attempted.
2026-04-25T12:56:27.392+05:30  INFO 63300 --- [product-service] [ntainer#0-0-C-1] o.a.k.c.c.internals.ConsumerCoordinator  : [Consumer clientId=consumer-product-group-2, groupId=product-group] Requesting disconnect from last known coordinator localhost:9092 (id: 2147483646 rack: null)
2026-04-25T12:56:27.393+05:30  INFO 63300 --- [product-service] [ntainer#0-0-C-1] org.apache.kafka.clients.NetworkClient   : [Consumer clientId=consumer-product-group-2, groupId=product-group] Client requested disconnect from node 2147483646
2026-04-25T12:56:27.555+05:30  INFO 63300 --- [product-service] [ntainer#0-0-C-1] o.a.k.c.c.internals.ConsumerCoordinator  : [Consumer clientId=consumer-product-group-2, groupId=product-group] Discovered group coordinator localhost:9092 (id: 2147483646 rack: null)
2026-04-25T12:56:28.025+05:30  INFO 63300 --- [product-service] [ntainer#1-0-C-1] o.a.k.c.c.internals.ConsumerCoordinator  : [Consumer clientId=consumer-product-group-3, groupId=product-group] Attempt to heartbeat failed since coordinator localhost:9092 (id: 2147483646 rack: null) is either not started or not valid
2026-04-25T12:56:28.043+05:30  INFO 63300 --- [product-service] [ntainer#1-0-C-1] o.a.k.c.c.internals.ConsumerCoordinator  : [Consumer clientId=consumer-product-group-3, groupId=product-group] Group coordinator localhost:9092 (id: 2147483646 rack: null) is unavailable or invalid due to cause: error response NOT_COORDINATOR. isDisconnected: false. Rediscovery will be attempted.
2026-04-25T12:56:28.056+05:30  INFO 63300 --- [product-service] [ntainer#1-0-C-1] o.a.k.c.c.internals.ConsumerCoordinator  : [Consumer clientId=consumer-product-group-3, groupId=product-group] Requesting disconnect from last known coordinator localhost:9092 (id: 2147483646 rack: null)
2026-04-25T12:56:28.065+05:30  INFO 63300 --- [product-service] [ntainer#1-0-C-1] org.apache.kafka.clients.NetworkClient   : [Consumer clientId=consumer-product-group-3, groupId=product-group] Client requested disconnect from node 2147483646
2026-04-25T12:56:28.190+05:30  INFO 63300 --- [product-service] [Container-0-C-1] o.a.k.c.c.internals.ConsumerCoordinator  : [Consumer clientId=consumer-product-group-1, groupId=product-group] Attempt to heartbeat failed since coordinator localhost:9092 (id: 2147483646 rack: null) is either not started or not valid
2026-04-25T12:56:28.202+05:30  INFO 63300 --- [product-service] [Container-0-C-1] o.a.k.c.c.internals.ConsumerCoordinator  : [Consumer clientId=consumer-product-group-1, groupId=product-group] Group coordinator localhost:9092 (id: 2147483646 rack: null) is unavailable or invalid due to cause: error response NOT_COORDINATOR. isDisconnected: false. Rediscovery will be attempted.
2026-04-25T12:56:28.203+05:30  INFO 63300 --- [product-service] [Container-0-C-1] o.a.k.c.c.internals.ConsumerCoordinator  : [Consumer clientId=consumer-product-group-1, groupId=product-group] Requesting disconnect from last known coordinator localhost:9092 (id: 2147483646 rack: null)
2026-04-25T12:56:28.209+05:30  INFO 63300 --- [product-service] [Container-0-C-1] org.apache.kafka.clients.NetworkClient   : [Consumer clientId=consumer-product-group-1, groupId=product-group] Client requested disconnect from node 2147483646
2026-04-25T12:56:28.421+05:30  INFO 63300 --- [product-service] [ntainer#1-0-C-1] o.a.k.c.c.internals.ConsumerCoordinator  : [Consumer clientId=consumer-product-group-3, groupId=product-group] Discovered group coordinator localhost:9092 (id: 2147483646 rack: null)
2026-04-25T12:56:28.522+05:30  INFO 63300 --- [product-service] [Container-0-C-1] o.a.k.c.c.internals.ConsumerCoordinator  : [Consumer clientId=consumer-product-group-1, groupId=product-group] Discovered group coordinator localhost:9092 (id: 2147483646 rack: null)
2026-04-25T12:56:32.254+05:30  INFO 63300 --- [product-service] [ntainer#0-0-C-1] o.a.k.c.c.internals.ConsumerCoordinator  : [Consumer clientId=consumer-product-group-2, groupId=product-group] Attempt to heartbeat failed since coordinator localhost:9092 (id: 2147483646 rack: null) is either not started or not valid
2026-04-25T12:56:32.278+05:30  INFO 63300 --- [product-service] [ntainer#0-0-C-1] o.a.k.c.c.internals.ConsumerCoordinator  : [Consumer clientId=consumer-product-group-2, groupId=product-group] Group coordinator localhost:9092 (id: 2147483646 rack: null) is unavailable or invalid due to cause: error response NOT_COORDINATOR. isDisconnected: false. Rediscovery will be attempted.
2026-04-25T12:56:32.288+05:30  INFO 63300 --- [product-service] [ntainer#0-0-C-1] o.a.k.c.c.internals.ConsumerCoordinator  : [Consumer clientId=consumer-product-group-2, groupId=product-group] Requesting disconnect from last known coordinator localhost:9092 (id: 2147483646 rack: null)
2026-04-25T12:56:32.302+05:30  INFO 63300 --- [product-service] [ntainer#0-0-C-1] org.apache.kafka.clients.NetworkClient   : [Consumer clientId=consumer-product-group-2, groupId=product-group] Client requested disconnect from node 2147483646
2026-04-25T12:56:32.357+05:30  INFO 63300 --- [product-service] [ntainer#0-0-C-1] org.apache.kafka.clients.NetworkClient   : [Consumer clientId=consumer-product-group-2, groupId=product-group] Cancelled in-flight HEARTBEAT request with correlation id 2499 due to node 2147483646 being disconnected (elapsed time since creation: 854ms, elapsed time since send: 102ms, request timeout: 30000ms)
2026-04-25T12:56:32.796+05:30  INFO 63300 --- [product-service] [Container-0-C-1] o.a.k.c.c.internals.ConsumerCoordinator  : [Consumer clientId=consumer-product-group-1, groupId=product-group] Attempt to heartbeat failed since coordinator localhost:9092 (id: 2147483646 rack: null) is either not started or not valid
2026-04-25T12:56:32.800+05:30  INFO 63300 --- [product-service] [ntainer#1-0-C-1] o.a.k.c.c.internals.ConsumerCoordinator  : [Consumer clientId=consumer-product-group-3, groupId=product-group] Attempt to heartbeat failed since coordinator localhost:9092 (id: 2147483646 rack: null) is either not started or not valid
2026-04-25T12:56:32.829+05:30  INFO 63300 --- [product-service] [ntainer#1-0-C-1] o.a.k.c.c.internals.ConsumerCoordinator  : [Consumer clientId=consumer-product-group-3, groupId=product-group] Group coordinator localhost:9092 (id: 2147483646 rack: null) is unavailable or invalid due to cause: error response NOT_COORDINATOR. isDisconnected: false. Rediscovery will be attempted.
2026-04-25T12:56:32.829+05:30  INFO 63300 --- [product-service] [Container-0-C-1] o.a.k.c.c.internals.ConsumerCoordinator  : [Consumer clientId=consumer-product-group-1, groupId=product-group] Group coordinator localhost:9092 (id: 2147483646 rack: null) is unavailable or invalid due to cause: error response NOT_COORDINATOR. isDisconnected: false. Rediscovery will be attempted.
2026-04-25T12:56:32.832+05:30  INFO 63300 --- [product-service] [ntainer#1-0-C-1] o.a.k.c.c.internals.ConsumerCoordinator  : [Consumer clientId=consumer-product-group-3, groupId=product-group] Requesting disconnect from last known coordinator localhost:9092 (id: 2147483646 rack: null)
2026-04-25T12:56:32.833+05:30  INFO 63300 --- [product-service] [| product-group] org.apache.kafka.clients.NetworkClient   : [Consumer clientId=consumer-product-group-3, groupId=product-group] Client requested disconnect from node 2147483646
2026-04-25T12:56:32.832+05:30  INFO 63300 --- [product-service] [Container-0-C-1] o.a.k.c.c.internals.ConsumerCoordinator  : [Consumer clientId=consumer-product-group-1, groupId=product-group] Requesting disconnect from last known coordinator localhost:9092 (id: 2147483646 rack: null)
2026-04-25T12:56:32.854+05:30  INFO 63300 --- [product-service] [Container-0-C-1] org.apache.kafka.clients.NetworkClient   : [Consumer clientId=consumer-product-group-1, groupId=product-group] Client requested disconnect from node 2147483646
2026-04-25T12:56:32.858+05:30  INFO 63300 --- [product-service] [| product-group] org.apache.kafka.clients.NetworkClient   : [Consumer clientId=consumer-product-group-3, groupId=product-group] Cancelled in-flight HEARTBEAT request with correlation id 2460 due to node 2147483646 being disconnected (elapsed time since creation: 785ms, elapsed time since send: 58ms, request timeout: 30000ms)
2026-04-25T12:56:32.858+05:30  INFO 63300 --- [product-service] [Container-0-C-1] org.apache.kafka.clients.NetworkClient   : [Consumer clientId=consumer-product-group-1, groupId=product-group] Cancelled in-flight HEARTBEAT request with correlation id 2471 due to node 2147483646 being disconnected (elapsed time since creation: 775ms, elapsed time since send: 63ms, request timeout: 30000ms)
2026-04-25T12:56:33.244+05:30  INFO 63300 --- [product-service] [Container-0-C-1] o.a.k.c.c.internals.ConsumerCoordinator  : [Consumer clientId=consumer-product-group-1, groupId=product-group] Discovered group coordinator localhost:9092 (id: 2147483646 rack: null)
2026-04-25T12:56:33.244+05:30  INFO 63300 --- [product-service] [ntainer#1-0-C-1] o.a.k.c.c.internals.ConsumerCoordinator  : [Consumer clientId=consumer-product-group-3, groupId=product-group] Discovered group coordinator localhost:9092 (id: 2147483646 rack: null)
2026-04-25T12:56:33.304+05:30  INFO 63300 --- [product-service] [ntainer#0-0-C-1] o.a.k.c.c.internals.ConsumerCoordinator  : [Consumer clientId=consumer-product-group-2, groupId=product-group] Discovered group coordinator localhost:9092 (id: 2147483646 rack: null)
2026-04-25T12:56:33.609+05:30  INFO 63300 --- [product-service] [ntainer#0-0-C-1] o.a.k.c.c.internals.ConsumerCoordinator  : [Consumer clientId=consumer-product-group-2, groupId=product-group] Attempt to heartbeat failed since coordinator localhost:9092 (id: 2147483646 rack: null) is either not started or not valid
2026-04-25T12:56:33.721+05:30  INFO 63300 --- [product-service] [ntainer#0-0-C-1] o.a.k.c.c.internals.ConsumerCoordinator  : [Consumer clientId=consumer-product-group-2, groupId=product-group] Group coordinator localhost:9092 (id: 2147483646 rack: null) is unavailable or invalid due to cause: error response NOT_COORDINATOR. isDisconnected: false. Rediscovery will be attempted.
2026-04-25T12:56:33.727+05:30  INFO 63300 --- [product-service] [ntainer#0-0-C-1] o.a.k.c.c.internals.ConsumerCoordinator  : [Consumer clientId=consumer-product-group-2, groupId=product-group] Requesting disconnect from last known coordinator localhost:9092 (id: 2147483646 rack: null)
2026-04-25T12:56:33.727+05:30  INFO 63300 --- [product-service] [| product-group] org.apache.kafka.clients.NetworkClient   : [Consumer clientId=consumer-product-group-2, groupId=product-group] Client requested disconnect from node 2147483646
2026-04-25T12:56:33.764+05:30  INFO 63300 --- [product-service] [ntainer#0-0-C-1] o.a.k.c.c.internals.ConsumerCoordinator  : [Consumer clientId=consumer-product-group-2, groupId=product-group] Discovered group coordinator localhost:9092 (id: 2147483646 rack: null)
2026-04-25T12:56:33.771+05:30  INFO 63300 --- [product-service] [ntainer#0-0-C-1] o.a.k.c.c.internals.ConsumerCoordinator  : [Consumer clientId=consumer-product-group-2, groupId=product-group] Group coordinator localhost:9092 (id: 2147483646 rack: null) is unavailable or invalid due to cause: coordinator unavailable. isDisconnected: false. Rediscovery will be attempted.
2026-04-25T12:56:33.772+05:30  INFO 63300 --- [product-service] [ntainer#0-0-C-1] o.a.k.c.c.internals.ConsumerCoordinator  : [Consumer clientId=consumer-product-group-2, groupId=product-group] Requesting disconnect from last known coordinator localhost:9092 (id: 2147483646 rack: null)
2026-04-25T12:56:33.795+05:30  INFO 63300 --- [product-service] [ntainer#1-0-C-1] o.a.k.c.c.internals.ConsumerCoordinator  : [Consumer clientId=consumer-product-group-3, groupId=product-group] Attempt to heartbeat with Generation{generationId=3, memberId='consumer-product-group-3-658462fb-9c23-47de-a036-9fcabc63767f', protocol='range'} and group instance id Optional.empty failed due to UNKNOWN_MEMBER_ID, resetting generation
2026-04-25T12:56:33.805+05:30  INFO 63300 --- [product-service] [Container-0-C-1] o.a.k.c.c.internals.ConsumerCoordinator  : [Consumer clientId=consumer-product-group-1, groupId=product-group] Attempt to heartbeat with Generation{generationId=3, memberId='consumer-product-group-1-7c21c88e-e829-4383-b3df-d52499b945fa', protocol='range'} and group instance id Optional.empty failed due to UNKNOWN_MEMBER_ID, resetting generation
2026-04-25T12:56:33.819+05:30  INFO 63300 --- [product-service] [ntainer#1-0-C-1] o.a.k.c.c.internals.ConsumerCoordinator  : [Consumer clientId=consumer-product-group-3, groupId=product-group] Resetting generation and member id due to: encountered UNKNOWN_MEMBER_ID from HEARTBEAT response
2026-04-25T12:56:33.818+05:30  INFO 63300 --- [product-service] [Container-0-C-1] o.a.k.c.c.internals.ConsumerCoordinator  : [Consumer clientId=consumer-product-group-1, groupId=product-group] Resetting generation and member id due to: encountered UNKNOWN_MEMBER_ID from HEARTBEAT response
2026-04-25T12:56:33.823+05:30  INFO 63300 --- [product-service] [ntainer#1-0-C-1] o.a.k.c.c.internals.ConsumerCoordinator  : [Consumer clientId=consumer-product-group-3, groupId=product-group] Request joining group due to: encountered UNKNOWN_MEMBER_ID from HEARTBEAT response
2026-04-25T12:56:33.823+05:30  INFO 63300 --- [product-service] [Container-0-C-1] o.a.k.c.c.internals.ConsumerCoordinator  : [Consumer clientId=consumer-product-group-1, groupId=product-group] Request joining group due to: encountered UNKNOWN_MEMBER_ID from HEARTBEAT response
2026-04-25T12:56:33.825+05:30  INFO 63300 --- [product-service] [ntainer#1-0-C-1] o.a.k.c.c.internals.ConsumerCoordinator  : [Consumer clientId=consumer-product-group-3, groupId=product-group] Giving away all assigned partitions as lost since generation/memberID has been reset,indicating that consumer is in old state or no longer part of the group
2026-04-25T12:56:33.825+05:30  INFO 63300 --- [product-service] [Container-0-C-1] o.a.k.c.c.internals.ConsumerCoordinator  : [Consumer clientId=consumer-product-group-1, groupId=product-group] Giving away all assigned partitions as lost since generation/memberID has been reset,indicating that consumer is in old state or no longer part of the group
2026-04-25T12:56:33.834+05:30  INFO 63300 --- [product-service] [Container-0-C-1] k.c.c.i.ConsumerRebalanceListenerInvoker : [Consumer clientId=consumer-product-group-1, groupId=product-group] Lost previously assigned partitions inventory-created-0
2026-04-25T12:56:33.834+05:30  INFO 63300 --- [product-service] [ntainer#1-0-C-1] k.c.c.i.ConsumerRebalanceListenerInvoker : [Consumer clientId=consumer-product-group-3, groupId=product-group] Lost previously assigned partitions add-to-cart-0
2026-04-25T12:56:33.943+05:30  INFO 63300 --- [product-service] [ntainer#0-0-C-1] o.a.k.c.c.internals.ConsumerCoordinator  : [Consumer clientId=consumer-product-group-2, groupId=product-group] Discovered group coordinator localhost:9092 (id: 2147483646 rack: null)
2026-04-25T12:56:34.252+05:30  INFO 63300 --- [product-service] [ntainer#1-0-C-1] o.s.k.l.KafkaMessageListenerContainer    : product-group: partitions lost: [add-to-cart-0]
2026-04-25T12:56:34.252+05:30  INFO 63300 --- [product-service] [Container-0-C-1] s.k.l.ConcurrentMessageListenerContainer : product-group: partitions lost: [inventory-created-0]
2026-04-25T12:56:34.333+05:30  INFO 63300 --- [product-service] [Container-0-C-1] s.k.l.ConcurrentMessageListenerContainer : product-group: partitions revoked: [inventory-created-0]
2026-04-25T12:56:34.333+05:30  INFO 63300 --- [product-service] [ntainer#1-0-C-1] o.s.k.l.KafkaMessageListenerContainer    : product-group: partitions revoked: [add-to-cart-0]
2026-04-25T12:56:34.344+05:30  INFO 63300 --- [product-service] [ntainer#1-0-C-1] o.a.k.c.c.internals.ConsumerCoordinator  : [Consumer clientId=consumer-product-group-3, groupId=product-group] (Re-)joining group
2026-04-25T12:56:34.350+05:30  INFO 63300 --- [product-service] [Container-0-C-1] o.a.k.c.c.internals.ConsumerCoordinator  : [Consumer clientId=consumer-product-group-1, groupId=product-group] (Re-)joining group
2026-04-25T12:56:34.398+05:30  INFO 63300 --- [product-service] [Container-0-C-1] o.a.k.c.c.internals.ConsumerCoordinator  : [Consumer clientId=consumer-product-group-1, groupId=product-group] Group coordinator localhost:9092 (id: 2147483646 rack: null) is unavailable or invalid due to cause: error response NOT_COORDINATOR. isDisconnected: false. Rediscovery will be attempted.
2026-04-25T12:56:34.398+05:30  INFO 63300 --- [product-service] [ntainer#1-0-C-1] o.a.k.c.c.internals.ConsumerCoordinator  : [Consumer clientId=consumer-product-group-3, groupId=product-group] Group coordinator localhost:9092 (id: 2147483646 rack: null) is unavailable or invalid due to cause: error response NOT_COORDINATOR. isDisconnected: false. Rediscovery will be attempted.
2026-04-25T12:56:34.429+05:30  INFO 63300 --- [product-service] [ntainer#1-0-C-1] o.a.k.c.c.internals.ConsumerCoordinator  : [Consumer clientId=consumer-product-group-3, groupId=product-group] Requesting disconnect from last known coordinator localhost:9092 (id: 2147483646 rack: null)
2026-04-25T12:56:34.429+05:30  INFO 63300 --- [product-service] [Container-0-C-1] o.a.k.c.c.internals.ConsumerCoordinator  : [Consumer clientId=consumer-product-group-1, groupId=product-group] Requesting disconnect from last known coordinator localhost:9092 (id: 2147483646 rack: null)
2026-04-25T12:56:34.439+05:30  INFO 63300 --- [product-service] [ntainer#1-0-C-1] o.a.k.c.c.internals.ConsumerCoordinator  : [Consumer clientId=consumer-product-group-3, groupId=product-group] JoinGroup failed: This is not the correct coordinator. Marking coordinator unknown. Sent generation was Generation{generationId=-1, memberId='', protocol='null'}
2026-04-25T12:56:34.440+05:30  INFO 63300 --- [product-service] [ntainer#1-0-C-1] org.apache.kafka.clients.NetworkClient   : [Consumer clientId=consumer-product-group-3, groupId=product-group] Client requested disconnect from node 2147483646
2026-04-25T12:56:34.441+05:30  INFO 63300 --- [product-service] [Container-0-C-1] o.a.k.c.c.internals.ConsumerCoordinator  : [Consumer clientId=consumer-product-group-1, groupId=product-group] JoinGroup failed: This is not the correct coordinator. Marking coordinator unknown. Sent generation was Generation{generationId=-1, memberId='', protocol='null'}
2026-04-25T12:56:34.442+05:30  INFO 63300 --- [product-service] [Container-0-C-1] org.apache.kafka.clients.NetworkClient   : [Consumer clientId=consumer-product-group-1, groupId=product-group] Client requested disconnect from node 2147483646
2026-04-25T12:56:34.495+05:30  INFO 63300 --- [product-service] [Container-0-C-1] o.a.k.c.c.internals.ConsumerCoordinator  : [Consumer clientId=consumer-product-group-1, groupId=product-group] Discovered group coordinator localhost:9092 (id: 2147483646 rack: null)
2026-04-25T12:56:34.544+05:30  INFO 63300 --- [product-service] [Container-0-C-1] o.a.k.c.c.internals.ConsumerCoordinator  : [Consumer clientId=consumer-product-group-1, groupId=product-group] Request joining group due to: rebalance failed due to 'This is not the correct coordinator.' (NotCoordinatorException)
2026-04-25T12:56:34.548+05:30  INFO 63300 --- [product-service] [Container-0-C-1] o.a.k.c.c.internals.ConsumerCoordinator  : [Consumer clientId=consumer-product-group-1, groupId=product-group] (Re-)joining group
2026-04-25T12:56:34.667+05:30  INFO 63300 --- [product-service] [ntainer#1-0-C-1] o.a.k.c.c.internals.ConsumerCoordinator  : [Consumer clientId=consumer-product-group-3, groupId=product-group] Discovered group coordinator localhost:9092 (id: 2147483646 rack: null)
2026-04-25T12:56:34.688+05:30  INFO 63300 --- [product-service] [ntainer#1-0-C-1] o.a.k.c.c.internals.ConsumerCoordinator  : [Consumer clientId=consumer-product-group-3, groupId=product-group] Request joining group due to: rebalance failed due to 'This is not the correct coordinator.' (NotCoordinatorException)
2026-04-25T12:56:34.689+05:30  INFO 63300 --- [product-service] [ntainer#1-0-C-1] o.a.k.c.c.internals.ConsumerCoordinator  : [Consumer clientId=consumer-product-group-3, groupId=product-group] (Re-)joining group
2026-04-25T12:56:34.688+05:30  INFO 63300 --- [product-service] [ntainer#0-0-C-1] o.a.k.c.c.internals.ConsumerCoordinator  : [Consumer clientId=consumer-product-group-2, groupId=product-group] Attempt to heartbeat failed since coordinator localhost:9092 (id: 2147483646 rack: null) is either not started or not valid
2026-04-25T12:56:34.689+05:30  INFO 63300 --- [product-service] [ntainer#0-0-C-1] o.a.k.c.c.internals.ConsumerCoordinator  : [Consumer clientId=consumer-product-group-2, groupId=product-group] Group coordinator localhost:9092 (id: 2147483646 rack: null) is unavailable or invalid due to cause: error response NOT_COORDINATOR. isDisconnected: false. Rediscovery will be attempted.
2026-04-25T12:56:34.689+05:30  INFO 63300 --- [product-service] [ntainer#0-0-C-1] o.a.k.c.c.internals.ConsumerCoordinator  : [Consumer clientId=consumer-product-group-2, groupId=product-group] Requesting disconnect from last known coordinator localhost:9092 (id: 2147483646 rack: null)
2026-04-25T12:56:34.689+05:30  INFO 63300 --- [product-service] [ntainer#0-0-C-1] org.apache.kafka.clients.NetworkClient   : [Consumer clientId=consumer-product-group-2, groupId=product-group] Client requested disconnect from node 2147483646
2026-04-25T12:56:34.695+05:30  INFO 63300 --- [product-service] [Container-0-C-1] o.a.k.c.c.internals.ConsumerCoordinator  : [Consumer clientId=consumer-product-group-1, groupId=product-group] Group coordinator localhost:9092 (id: 2147483646 rack: null) is unavailable or invalid due to cause: error response NOT_COORDINATOR. isDisconnected: false. Rediscovery will be attempted.
2026-04-25T12:56:34.698+05:30  INFO 63300 --- [product-service] [Container-0-C-1] o.a.k.c.c.internals.ConsumerCoordinator  : [Consumer clientId=consumer-product-group-1, groupId=product-group] Requesting disconnect from last known coordinator localhost:9092 (id: 2147483646 rack: null)
2026-04-25T12:56:34.698+05:30  INFO 63300 --- [product-service] [Container-0-C-1] o.a.k.c.c.internals.ConsumerCoordinator  : [Consumer clientId=consumer-product-group-1, groupId=product-group] JoinGroup failed: This is not the correct coordinator. Marking coordinator unknown. Sent generation was Generation{generationId=-1, memberId='', protocol='null'}
2026-04-25T12:56:34.698+05:30  INFO 63300 --- [product-service] [Container-0-C-1] org.apache.kafka.clients.NetworkClient   : [Consumer clientId=consumer-product-group-1, groupId=product-group] Client requested disconnect from node 2147483646
2026-04-25T12:56:34.737+05:30  INFO 63300 --- [product-service] [Container-0-C-1] o.a.k.c.c.internals.ConsumerCoordinator  : [Consumer clientId=consumer-product-group-1, groupId=product-group] Discovered group coordinator localhost:9092 (id: 2147483646 rack: null)
2026-04-25T12:56:34.789+05:30  INFO 63300 --- [product-service] [Container-0-C-1] o.a.k.c.c.internals.ConsumerCoordinator  : [Consumer clientId=consumer-product-group-1, groupId=product-group] Request joining group due to: rebalance failed due to 'This is not the correct coordinator.' (NotCoordinatorException)
2026-04-25T12:56:34.800+05:30  INFO 63300 --- [product-service] [ntainer#1-0-C-1] o.a.k.c.c.internals.ConsumerCoordinator  : [Consumer clientId=consumer-product-group-3, groupId=product-group] Group coordinator localhost:9092 (id: 2147483646 rack: null) is unavailable or invalid due to cause: error response NOT_COORDINATOR. isDisconnected: false. Rediscovery will be attempted.
2026-04-25T12:56:34.802+05:30  INFO 63300 --- [product-service] [ntainer#0-0-C-1] o.a.k.c.c.internals.ConsumerCoordinator  : [Consumer clientId=consumer-product-group-2, groupId=product-group] Discovered group coordinator localhost:9092 (id: 2147483646 rack: null)
2026-04-25T12:56:34.805+05:30  INFO 63300 --- [product-service] [ntainer#1-0-C-1] o.a.k.c.c.internals.ConsumerCoordinator  : [Consumer clientId=consumer-product-group-3, groupId=product-group] Requesting disconnect from last known coordinator localhost:9092 (id: 2147483646 rack: null)
2026-04-25T12:56:34.805+05:30  INFO 63300 --- [product-service] [ntainer#1-0-C-1] o.a.k.c.c.internals.ConsumerCoordinator  : [Consumer clientId=consumer-product-group-3, groupId=product-group] JoinGroup failed: This is not the correct coordinator. Marking coordinator unknown. Sent generation was Generation{generationId=-1, memberId='', protocol='null'}
2026-04-25T12:56:34.805+05:30  INFO 63300 --- [product-service] [ntainer#1-0-C-1] org.apache.kafka.clients.NetworkClient   : [Consumer clientId=consumer-product-group-3, groupId=product-group] Client requested disconnect from node 2147483646
2026-04-25T12:56:34.805+05:30  INFO 63300 --- [product-service] [Container-0-C-1] o.a.k.c.c.internals.ConsumerCoordinator  : [Consumer clientId=consumer-product-group-1, groupId=product-group] (Re-)joining group
2026-04-25T12:56:34.816+05:30  INFO 63300 --- [product-service] [ntainer#1-0-C-1] o.a.k.c.c.internals.ConsumerCoordinator  : [Consumer clientId=consumer-product-group-3, groupId=product-group] Discovered group coordinator localhost:9092 (id: 2147483646 rack: null)
2026-04-25T12:56:34.816+05:30  INFO 63300 --- [product-service] [ntainer#1-0-C-1] o.a.k.c.c.internals.ConsumerCoordinator  : [Consumer clientId=consumer-product-group-3, groupId=product-group] Group coordinator localhost:9092 (id: 2147483646 rack: null) is unavailable or invalid due to cause: coordinator unavailable. isDisconnected: false. Rediscovery will be attempted.
2026-04-25T12:56:34.848+05:30  INFO 63300 --- [product-service] [ntainer#1-0-C-1] o.a.k.c.c.internals.ConsumerCoordinator  : [Consumer clientId=consumer-product-group-3, groupId=product-group] Requesting disconnect from last known coordinator localhost:9092 (id: 2147483646 rack: null)
2026-04-25T12:56:34.991+05:30  INFO 63300 --- [product-service] [Container-0-C-1] o.a.k.c.c.internals.ConsumerCoordinator  : [Consumer clientId=consumer-product-group-1, groupId=product-group] Group coordinator localhost:9092 (id: 2147483646 rack: null) is unavailable or invalid due to cause: error response NOT_COORDINATOR. isDisconnected: false. Rediscovery will be attempted.
2026-04-25T12:56:35.012+05:30  INFO 63300 --- [product-service] [ntainer#1-0-C-1] o.a.k.c.c.internals.ConsumerCoordinator  : [Consumer clientId=consumer-product-group-3, groupId=product-group] Discovered group coordinator localhost:9092 (id: 2147483646 rack: null)
2026-04-25T12:56:35.029+05:30  INFO 63300 --- [product-service] [Container-0-C-1] o.a.k.c.c.internals.ConsumerCoordinator  : [Consumer clientId=consumer-product-group-1, groupId=product-group] Requesting disconnect from last known coordinator localhost:9092 (id: 2147483646 rack: null)
2026-04-25T12:56:35.032+05:30  INFO 63300 --- [product-service] [Container-0-C-1] o.a.k.c.c.internals.ConsumerCoordinator  : [Consumer clientId=consumer-product-group-1, groupId=product-group] JoinGroup failed: This is not the correct coordinator. Marking coordinator unknown. Sent generation was Generation{generationId=-1, memberId='', protocol='null'}
2026-04-25T12:56:35.039+05:30  INFO 63300 --- [product-service] [Container-0-C-1] org.apache.kafka.clients.NetworkClient   : [Consumer clientId=consumer-product-group-1, groupId=product-group] Client requested disconnect from node 2147483646
2026-04-25T12:56:35.071+05:30  INFO 63300 --- [product-service] [ntainer#1-0-C-1] o.a.k.c.c.internals.ConsumerCoordinator  : [Consumer clientId=consumer-product-group-3, groupId=product-group] Request joining group due to: rebalance failed due to 'This is not the correct coordinator.' (NotCoordinatorException)
2026-04-25T12:56:35.070+05:30  INFO 63300 --- [product-service] [Container-0-C-1] o.a.k.c.c.internals.ConsumerCoordinator  : [Consumer clientId=consumer-product-group-1, groupId=product-group] Discovered group coordinator localhost:9092 (id: 2147483646 rack: null)
2026-04-25T12:56:35.073+05:30  INFO 63300 --- [product-service] [ntainer#1-0-C-1] o.a.k.c.c.internals.ConsumerCoordinator  : [Consumer clientId=consumer-product-group-3, groupId=product-group] (Re-)joining group
2026-04-25T12:56:35.074+05:30  INFO 63300 --- [product-service] [Container-0-C-1] o.a.k.c.c.internals.ConsumerCoordinator  : [Consumer clientId=consumer-product-group-1, groupId=product-group] Group coordinator localhost:9092 (id: 2147483646 rack: null) is unavailable or invalid due to cause: coordinator unavailable. isDisconnected: false. Rediscovery will be attempted.
2026-04-25T12:56:35.074+05:30  INFO 63300 --- [product-service] [Container-0-C-1] o.a.k.c.c.internals.ConsumerCoordinator  : [Consumer clientId=consumer-product-group-1, groupId=product-group] Requesting disconnect from last known coordinator localhost:9092 (id: 2147483646 rack: null)
2026-04-25T12:56:35.077+05:30  INFO 63300 --- [product-service] [ntainer#1-0-C-1] o.a.k.c.c.internals.ConsumerCoordinator  : [Consumer clientId=consumer-product-group-3, groupId=product-group] Group coordinator localhost:9092 (id: 2147483646 rack: null) is unavailable or invalid due to cause: error response NOT_COORDINATOR. isDisconnected: false. Rediscovery will be attempted.
2026-04-25T12:56:35.077+05:30  INFO 63300 --- [product-service] [ntainer#1-0-C-1] o.a.k.c.c.internals.ConsumerCoordinator  : [Consumer clientId=consumer-product-group-3, groupId=product-group] Requesting disconnect from last known coordinator localhost:9092 (id: 2147483646 rack: null)
2026-04-25T12:56:35.077+05:30  INFO 63300 --- [product-service] [ntainer#1-0-C-1] o.a.k.c.c.internals.ConsumerCoordinator  : [Consumer clientId=consumer-product-group-3, groupId=product-group] JoinGroup failed: This is not the correct coordinator. Marking coordinator unknown. Sent generation was Generation{generationId=-1, memberId='', protocol='null'}
2026-04-25T12:56:35.078+05:30  INFO 63300 --- [product-service] [ntainer#1-0-C-1] org.apache.kafka.clients.NetworkClient   : [Consumer clientId=consumer-product-group-3, groupId=product-group] Client requested disconnect from node 2147483646
2026-04-25T12:56:35.097+05:30  INFO 63300 --- [product-service] [ntainer#1-0-C-1] o.a.k.c.c.internals.ConsumerCoordinator  : [Consumer clientId=consumer-product-group-3, groupId=product-group] Discovered group coordinator localhost:9092 (id: 2147483646 rack: null)
2026-04-25T12:56:35.102+05:30  INFO 63300 --- [product-service] [ntainer#1-0-C-1] o.a.k.c.c.internals.ConsumerCoordinator  : [Consumer clientId=consumer-product-group-3, groupId=product-group] Group coordinator localhost:9092 (id: 2147483646 rack: null) is unavailable or invalid due to cause: coordinator unavailable. isDisconnected: false. Rediscovery will be attempted.
2026-04-25T12:56:35.103+05:30  INFO 63300 --- [product-service] [ntainer#1-0-C-1] o.a.k.c.c.internals.ConsumerCoordinator  : [Consumer clientId=consumer-product-group-3, groupId=product-group] Requesting disconnect from last known coordinator localhost:9092 (id: 2147483646 rack: null)
2026-04-25T12:56:35.197+05:30  INFO 63300 --- [product-service] [Container-0-C-1] o.a.k.c.c.internals.ConsumerCoordinator  : [Consumer clientId=consumer-product-group-1, groupId=product-group] Discovered group coordinator localhost:9092 (id: 2147483646 rack: null)
2026-04-25T12:56:35.248+05:30  INFO 63300 --- [product-service] [ntainer#1-0-C-1] o.a.k.c.c.internals.ConsumerCoordinator  : [Consumer clientId=consumer-product-group-3, groupId=product-group] Discovered group coordinator localhost:9092 (id: 2147483646 rack: null)
2026-04-25T12:56:35.250+05:30  INFO 63300 --- [product-service] [Container-0-C-1] o.a.k.c.c.internals.ConsumerCoordinator  : [Consumer clientId=consumer-product-group-1, groupId=product-group] Request joining group due to: rebalance failed due to 'This is not the correct coordinator.' (NotCoordinatorException)
2026-04-25T12:56:35.250+05:30  INFO 63300 --- [product-service] [ntainer#1-0-C-1] o.a.k.c.c.internals.ConsumerCoordinator  : [Consumer clientId=consumer-product-group-3, groupId=product-group] Request joining group due to: rebalance failed due to 'This is not the correct coordinator.' (NotCoordinatorException)
2026-04-25T12:56:35.251+05:30  INFO 63300 --- [product-service] [Container-0-C-1] o.a.k.c.c.internals.ConsumerCoordinator  : [Consumer clientId=consumer-product-group-1, groupId=product-group] (Re-)joining group
2026-04-25T12:56:35.251+05:30  INFO 63300 --- [product-service] [ntainer#1-0-C-1] o.a.k.c.c.internals.ConsumerCoordinator  : [Consumer clientId=consumer-product-group-3, groupId=product-group] (Re-)joining group
2026-04-25T12:56:35.306+05:30  INFO 63300 --- [product-service] [Container-0-C-1] o.a.k.c.c.internals.ConsumerCoordinator  : [Consumer clientId=consumer-product-group-1, groupId=product-group] Group coordinator localhost:9092 (id: 2147483646 rack: null) is unavailable or invalid due to cause: error response NOT_COORDINATOR. isDisconnected: false. Rediscovery will be attempted.
2026-04-25T12:56:35.305+05:30  INFO 63300 --- [product-service] [ntainer#1-0-C-1] o.a.k.c.c.internals.ConsumerCoordinator  : [Consumer clientId=consumer-product-group-3, groupId=product-group] Group coordinator localhost:9092 (id: 2147483646 rack: null) is unavailable or invalid due to cause: error response NOT_COORDINATOR. isDisconnected: false. Rediscovery will be attempted.
2026-04-25T12:56:35.319+05:30  INFO 63300 --- [product-service] [Container-0-C-1] o.a.k.c.c.internals.ConsumerCoordinator  : [Consumer clientId=consumer-product-group-1, groupId=product-group] Requesting disconnect from last known coordinator localhost:9092 (id: 2147483646 rack: null)
2026-04-25T12:56:35.320+05:30  INFO 63300 --- [product-service] [Container-0-C-1] o.a.k.c.c.internals.ConsumerCoordinator  : [Consumer clientId=consumer-product-group-1, groupId=product-group] JoinGroup failed: This is not the correct coordinator. Marking coordinator unknown. Sent generation was Generation{generationId=-1, memberId='', protocol='null'}
2026-04-25T12:56:35.320+05:30  INFO 63300 --- [product-service] [Container-0-C-1] org.apache.kafka.clients.NetworkClient   : [Consumer clientId=consumer-product-group-1, groupId=product-group] Client requested disconnect from node 2147483646
2026-04-25T12:56:35.319+05:30  INFO 63300 --- [product-service] [ntainer#1-0-C-1] o.a.k.c.c.internals.ConsumerCoordinator  : [Consumer clientId=consumer-product-group-3, groupId=product-group] Requesting disconnect from last known coordinator localhost:9092 (id: 2147483646 rack: null)
2026-04-25T12:56:35.322+05:30  INFO 63300 --- [product-service] [ntainer#1-0-C-1] o.a.k.c.c.internals.ConsumerCoordinator  : [Consumer clientId=consumer-product-group-3, groupId=product-group] JoinGroup failed: This is not the correct coordinator. Marking coordinator unknown. Sent generation was Generation{generationId=-1, memberId='', protocol='null'}
2026-04-25T12:56:35.322+05:30  INFO 63300 --- [product-service] [ntainer#1-0-C-1] org.apache.kafka.clients.NetworkClient   : [Consumer clientId=consumer-product-group-3, groupId=product-group] Client requested disconnect from node 2147483646
2026-04-25T12:56:35.464+05:30  INFO 63300 --- [product-service] [ntainer#1-0-C-1] o.a.k.c.c.internals.ConsumerCoordinator  : [Consumer clientId=consumer-product-group-3, groupId=product-group] Discovered group coordinator localhost:9092 (id: 2147483646 rack: null)
2026-04-25T12:56:35.478+05:30  INFO 63300 --- [product-service] [Container-0-C-1] o.a.k.c.c.internals.ConsumerCoordinator  : [Consumer clientId=consumer-product-group-1, groupId=product-group] Discovered group coordinator localhost:9092 (id: 2147483646 rack: null)
2026-04-25T12:56:35.491+05:30  INFO 63300 --- [product-service] [Container-0-C-1] o.a.k.c.c.internals.ConsumerCoordinator  : [Consumer clientId=consumer-product-group-1, groupId=product-group] Request joining group due to: rebalance failed due to 'This is not the correct coordinator.' (NotCoordinatorException)
2026-04-25T12:56:35.492+05:30  INFO 63300 --- [product-service] [ntainer#1-0-C-1] o.a.k.c.c.internals.ConsumerCoordinator  : [Consumer clientId=consumer-product-group-3, groupId=product-group] Request joining group due to: rebalance failed due to 'This is not the correct coordinator.' (NotCoordinatorException)
2026-04-25T12:56:35.492+05:30  INFO 63300 --- [product-service] [ntainer#1-0-C-1] o.a.k.c.c.internals.ConsumerCoordinator  : [Consumer clientId=consumer-product-group-3, groupId=product-group] (Re-)joining group
2026-04-25T12:56:35.492+05:30  INFO 63300 --- [product-service] [Container-0-C-1] o.a.k.c.c.internals.ConsumerCoordinator  : [Consumer clientId=consumer-product-group-1, groupId=product-group] (Re-)joining group
2026-04-25T12:56:35.576+05:30  INFO 63300 --- [product-service] [ntainer#0-0-C-1] o.a.k.c.c.internals.ConsumerCoordinator  : [Consumer clientId=consumer-product-group-2, groupId=product-group] Attempt to heartbeat failed since coordinator localhost:9092 (id: 2147483646 rack: null) is either not started or not valid
2026-04-25T12:56:35.576+05:30  INFO 63300 --- [product-service] [ntainer#0-0-C-1] o.a.k.c.c.internals.ConsumerCoordinator  : [Consumer clientId=consumer-product-group-2, groupId=product-group] Group coordinator localhost:9092 (id: 2147483646 rack: null) is unavailable or invalid due to cause: error response NOT_COORDINATOR. isDisconnected: false. Rediscovery will be attempted.
2026-04-25T12:56:35.576+05:30  INFO 63300 --- [product-service] [ntainer#0-0-C-1] o.a.k.c.c.internals.ConsumerCoordinator  : [Consumer clientId=consumer-product-group-2, groupId=product-group] Requesting disconnect from last known coordinator localhost:9092 (id: 2147483646 rack: null)
2026-04-25T12:56:35.576+05:30  INFO 63300 --- [product-service] [ntainer#0-0-C-1] org.apache.kafka.clients.NetworkClient   : [Consumer clientId=consumer-product-group-2, groupId=product-group] Client requested disconnect from node 2147483646
2026-04-25T12:56:35.673+05:30  INFO 63300 --- [product-service] [ntainer#0-0-C-1] o.a.k.c.c.internals.ConsumerCoordinator  : [Consumer clientId=consumer-product-group-2, groupId=product-group] Discovered group coordinator localhost:9092 (id: 2147483646 rack: null)
2026-04-25T12:56:35.710+05:30  INFO 63300 --- [product-service] [ntainer#1-0-C-1] o.a.k.c.c.internals.ConsumerCoordinator  : [Consumer clientId=consumer-product-group-3, groupId=product-group] Group coordinator localhost:9092 (id: 2147483646 rack: null) is unavailable or invalid due to cause: error response NOT_COORDINATOR. isDisconnected: false. Rediscovery will be attempted.
2026-04-25T12:56:35.711+05:30  INFO 63300 --- [product-service] [ntainer#1-0-C-1] o.a.k.c.c.internals.ConsumerCoordinator  : [Consumer clientId=consumer-product-group-3, groupId=product-group] Requesting disconnect from last known coordinator localhost:9092 (id: 2147483646 rack: null)
2026-04-25T12:56:35.712+05:30  INFO 63300 --- [product-service] [ntainer#1-0-C-1] o.a.k.c.c.internals.ConsumerCoordinator  : [Consumer clientId=consumer-product-group-3, groupId=product-group] JoinGroup failed: This is not the correct coordinator. Marking coordinator unknown. Sent generation was Generation{generationId=-1, memberId='', protocol='null'}
2026-04-25T12:56:35.712+05:30  INFO 63300 --- [product-service] [Container-0-C-1] o.a.k.c.c.internals.ConsumerCoordinator  : [Consumer clientId=consumer-product-group-1, groupId=product-group] Group coordinator localhost:9092 (id: 2147483646 rack: null) is unavailable or invalid due to cause: error response NOT_COORDINATOR. isDisconnected: false. Rediscovery will be attempted.
2026-04-25T12:56:35.712+05:30  INFO 63300 --- [product-service] [Container-0-C-1] o.a.k.c.c.internals.ConsumerCoordinator  : [Consumer clientId=consumer-product-group-1, groupId=product-group] Requesting disconnect from last known coordinator localhost:9092 (id: 2147483646 rack: null)
2026-04-25T12:56:35.712+05:30  INFO 63300 --- [product-service] [Container-0-C-1] o.a.k.c.c.internals.ConsumerCoordinator  : [Consumer clientId=consumer-product-group-1, groupId=product-group] JoinGroup failed: This is not the correct coordinator. Marking coordinator unknown. Sent generation was Generation{generationId=-1, memberId='', protocol='null'}
2026-04-25T12:56:35.712+05:30  INFO 63300 --- [product-service] [ntainer#1-0-C-1] org.apache.kafka.clients.NetworkClient   : [Consumer clientId=consumer-product-group-3, groupId=product-group] Client requested disconnect from node 2147483646
2026-04-25T12:56:35.712+05:30  INFO 63300 --- [product-service] [Container-0-C-1] org.apache.kafka.clients.NetworkClient   : [Consumer clientId=consumer-product-group-1, groupId=product-group] Client requested disconnect from node 2147483646
2026-04-25T12:56:35.739+05:30  INFO 63300 --- [product-service] [ntainer#1-0-C-1] o.a.k.c.c.internals.ConsumerCoordinator  : [Consumer clientId=consumer-product-group-3, groupId=product-group] Discovered group coordinator localhost:9092 (id: 2147483646 rack: null)
2026-04-25T12:56:35.739+05:30  INFO 63300 --- [product-service] [ntainer#1-0-C-1] o.a.k.c.c.internals.ConsumerCoordinator  : [Consumer clientId=consumer-product-group-3, groupId=product-group] Group coordinator localhost:9092 (id: 2147483646 rack: null) is unavailable or invalid due to cause: coordinator unavailable. isDisconnected: false. Rediscovery will be attempted.
2026-04-25T12:56:35.739+05:30  INFO 63300 --- [product-service] [ntainer#1-0-C-1] o.a.k.c.c.internals.ConsumerCoordinator  : [Consumer clientId=consumer-product-group-3, groupId=product-group] Requesting disconnect from last known coordinator localhost:9092 (id: 2147483646 rack: null)
2026-04-25T12:56:35.798+05:30  INFO 63300 --- [product-service] [Container-0-C-1] o.a.k.c.c.internals.ConsumerCoordinator  : [Consumer clientId=consumer-product-group-1, groupId=product-group] Discovered group coordinator localhost:9092 (id: 2147483646 rack: null)
2026-04-25T12:56:35.858+05:30  INFO 63300 --- [product-service] [Container-0-C-1] o.a.k.c.c.internals.ConsumerCoordinator  : [Consumer clientId=consumer-product-group-1, groupId=product-group] Request joining group due to: rebalance failed due to 'This is not the correct coordinator.' (NotCoordinatorException)
2026-04-25T12:56:35.868+05:30  INFO 63300 --- [product-service] [Container-0-C-1] o.a.k.c.c.internals.ConsumerCoordinator  : [Consumer clientId=consumer-product-group-1, groupId=product-group] (Re-)joining group
2026-04-25T12:56:35.869+05:30  INFO 63300 --- [product-service] [ntainer#1-0-C-1] o.a.k.c.c.internals.ConsumerCoordinator  : [Consumer clientId=consumer-product-group-3, groupId=product-group] Discovered group coordinator localhost:9092 (id: 2147483646 rack: null)
2026-04-25T12:56:35.909+05:30  INFO 63300 --- [product-service] [ntainer#1-0-C-1] o.a.k.c.c.internals.ConsumerCoordinator  : [Consumer clientId=consumer-product-group-3, groupId=product-group] Request joining group due to: rebalance failed due to 'This is not the correct coordinator.' (NotCoordinatorException)
2026-04-25T12:56:35.915+05:30  INFO 63300 --- [product-service] [ntainer#1-0-C-1] o.a.k.c.c.internals.ConsumerCoordinator  : [Consumer clientId=consumer-product-group-3, groupId=product-group] (Re-)joining group
2026-04-25T12:56:36.030+05:30  INFO 63300 --- [product-service] [Container-0-C-1] o.a.k.c.c.internals.ConsumerCoordinator  : [Consumer clientId=consumer-product-group-1, groupId=product-group] Group coordinator localhost:9092 (id: 2147483646 rack: null) is unavailable or invalid due to cause: error response NOT_COORDINATOR. isDisconnected: false. Rediscovery will be attempted.
2026-04-25T12:56:36.046+05:30  INFO 63300 --- [product-service] [Container-0-C-1] o.a.k.c.c.internals.ConsumerCoordinator  : [Consumer clientId=consumer-product-group-1, groupId=product-group] Requesting disconnect from last known coordinator localhost:9092 (id: 2147483646 rack: null)
2026-04-25T12:56:36.047+05:30  INFO 63300 --- [product-service] [Container-0-C-1] o.a.k.c.c.internals.ConsumerCoordinator  : [Consumer clientId=consumer-product-group-1, groupId=product-group] JoinGroup failed: This is not the correct coordinator. Marking coordinator unknown. Sent generation was Generation{generationId=-1, memberId='', protocol='null'}
2026-04-25T12:56:36.047+05:30  INFO 63300 --- [product-service] [Container-0-C-1] org.apache.kafka.clients.NetworkClient   : [Consumer clientId=consumer-product-group-1, groupId=product-group] Client requested disconnect from node 2147483646
2026-04-25T12:56:36.073+05:30  INFO 63300 --- [product-service] [Container-0-C-1] o.a.k.c.c.internals.ConsumerCoordinator  : [Consumer clientId=consumer-product-group-1, groupId=product-group] Discovered group coordinator localhost:9092 (id: 2147483646 rack: null)
2026-04-25T12:56:36.074+05:30  INFO 63300 --- [product-service] [Container-0-C-1] o.a.k.c.c.internals.ConsumerCoordinator  : [Consumer clientId=consumer-product-group-1, groupId=product-group] Group coordinator localhost:9092 (id: 2147483646 rack: null) is unavailable or invalid due to cause: coordinator unavailable. isDisconnected: false. Rediscovery will be attempted.
2026-04-25T12:56:36.074+05:30  INFO 63300 --- [product-service] [Container-0-C-1] o.a.k.c.c.internals.ConsumerCoordinator  : [Consumer clientId=consumer-product-group-1, groupId=product-group] Requesting disconnect from last known coordinator localhost:9092 (id: 2147483646 rack: null)
2026-04-25T12:56:36.114+05:30  INFO 63300 --- [product-service] [ntainer#1-0-C-1] o.a.k.c.c.internals.ConsumerCoordinator  : [Consumer clientId=consumer-product-group-3, groupId=product-group] Group coordinator localhost:9092 (id: 2147483646 rack: null) is unavailable or invalid due to cause: error response NOT_COORDINATOR. isDisconnected: false. Rediscovery will be attempted.
2026-04-25T12:56:36.114+05:30  INFO 63300 --- [product-service] [ntainer#1-0-C-1] o.a.k.c.c.internals.ConsumerCoordinator  : [Consumer clientId=consumer-product-group-3, groupId=product-group] Requesting disconnect from last known coordinator localhost:9092 (id: 2147483646 rack: null)
2026-04-25T12:56:36.114+05:30  INFO 63300 --- [product-service] [ntainer#1-0-C-1] o.a.k.c.c.internals.ConsumerCoordinator  : [Consumer clientId=consumer-product-group-3, groupId=product-group] JoinGroup failed: This is not the correct coordinator. Marking coordinator unknown. Sent generation was Generation{generationId=-1, memberId='', protocol='null'}
2026-04-25T12:56:36.114+05:30  INFO 63300 --- [product-service] [ntainer#1-0-C-1] org.apache.kafka.clients.NetworkClient   : [Consumer clientId=consumer-product-group-3, groupId=product-group] Client requested disconnect from node 2147483646
2026-04-25T12:56:36.157+05:30  INFO 63300 --- [product-service] [ntainer#1-0-C-1] o.a.k.c.c.internals.ConsumerCoordinator  : [Consumer clientId=consumer-product-group-3, groupId=product-group] Discovered group coordinator localhost:9092 (id: 2147483646 rack: null)
2026-04-25T12:56:36.173+05:30  INFO 63300 --- [product-service] [Container-0-C-1] o.a.k.c.c.internals.ConsumerCoordinator  : [Consumer clientId=consumer-product-group-1, groupId=product-group] Discovered group coordinator localhost:9092 (id: 2147483646 rack: null)
2026-04-25T12:56:36.174+05:30  INFO 63300 --- [product-service] [ntainer#1-0-C-1] o.a.k.c.c.internals.ConsumerCoordinator  : [Consumer clientId=consumer-product-group-3, groupId=product-group] Group coordinator localhost:9092 (id: 2147483646 rack: null) is unavailable or invalid due to cause: coordinator unavailable. isDisconnected: false. Rediscovery will be attempted.
2026-04-25T12:56:36.174+05:30  INFO 63300 --- [product-service] [ntainer#1-0-C-1] o.a.k.c.c.internals.ConsumerCoordinator  : [Consumer clientId=consumer-product-group-3, groupId=product-group] Requesting disconnect from last known coordinator localhost:9092 (id: 2147483646 rack: null)
2026-04-25T12:56:36.197+05:30  INFO 63300 --- [product-service] [Container-0-C-1] o.a.k.c.c.internals.ConsumerCoordinator  : [Consumer clientId=consumer-product-group-1, groupId=product-group] Request joining group due to: rebalance failed due to 'This is not the correct coordinator.' (NotCoordinatorException)
2026-04-25T12:56:36.207+05:30  INFO 63300 --- [product-service] [Container-0-C-1] o.a.k.c.c.internals.ConsumerCoordinator  : [Consumer clientId=consumer-product-group-1, groupId=product-group] (Re-)joining group
2026-04-25T12:56:36.296+05:30  INFO 63300 --- [product-service] [ntainer#1-0-C-1] o.a.k.c.c.internals.ConsumerCoordinator  : [Consumer clientId=consumer-product-group-3, groupId=product-group] Discovered group coordinator localhost:9092 (id: 2147483646 rack: null)
2026-04-25T12:56:36.372+05:30  INFO 63300 --- [product-service] [ntainer#1-0-C-1] o.a.k.c.c.internals.ConsumerCoordinator  : [Consumer clientId=consumer-product-group-3, groupId=product-group] Request joining group due to: rebalance failed due to 'This is not the correct coordinator.' (NotCoordinatorException)
2026-04-25T12:56:36.437+05:30  INFO 63300 --- [product-service] [ntainer#1-0-C-1] o.a.k.c.c.internals.ConsumerCoordinator  : [Consumer clientId=consumer-product-group-3, groupId=product-group] (Re-)joining group
2026-04-25T12:56:36.578+05:30  INFO 63300 --- [product-service] [Container-0-C-1] o.a.k.c.c.internals.ConsumerCoordinator  : [Consumer clientId=consumer-product-group-1, groupId=product-group] Group coordinator localhost:9092 (id: 2147483646 rack: null) is unavailable or invalid due to cause: error response NOT_COORDINATOR. isDisconnected: false. Rediscovery will be attempted.
2026-04-25T12:56:36.608+05:30  INFO 63300 --- [product-service] [Container-0-C-1] o.a.k.c.c.internals.ConsumerCoordinator  : [Consumer clientId=consumer-product-group-1, groupId=product-group] Requesting disconnect from last known coordinator localhost:9092 (id: 2147483646 rack: null)
2026-04-25T12:56:36.629+05:30  INFO 63300 --- [product-service] [Container-0-C-1] o.a.k.c.c.internals.ConsumerCoordinator  : [Consumer clientId=consumer-product-group-1, groupId=product-group] JoinGroup failed: This is not the correct coordinator. Marking coordinator unknown. Sent generation was Generation{generationId=-1, memberId='', protocol='null'}
2026-04-25T12:56:36.630+05:30  INFO 63300 --- [product-service] [Container-0-C-1] org.apache.kafka.clients.NetworkClient   : [Consumer clientId=consumer-product-group-1, groupId=product-group] Client requested disconnect from node 2147483646
2026-04-25T12:56:36.647+05:30  INFO 63300 --- [product-service] [ntainer#0-0-C-1] o.a.k.c.c.internals.ConsumerCoordinator  : [Consumer clientId=consumer-product-group-2, groupId=product-group] Attempt to heartbeat failed since coordinator localhost:9092 (id: 2147483646 rack: null) is either not started or not valid
2026-04-25T12:56:36.650+05:30  INFO 63300 --- [product-service] [ntainer#0-0-C-1] o.a.k.c.c.internals.ConsumerCoordinator  : [Consumer clientId=consumer-product-group-2, groupId=product-group] Group coordinator localhost:9092 (id: 2147483646 rack: null) is unavailable or invalid due to cause: error response NOT_COORDINATOR. isDisconnected: false. Rediscovery will be attempted.
2026-04-25T12:56:36.650+05:30  INFO 63300 --- [product-service] [ntainer#0-0-C-1] o.a.k.c.c.internals.ConsumerCoordinator  : [Consumer clientId=consumer-product-group-2, groupId=product-group] Requesting disconnect from last known coordinator localhost:9092 (id: 2147483646 rack: null)
2026-04-25T12:56:36.650+05:30  INFO 63300 --- [product-service] [ntainer#0-0-C-1] org.apache.kafka.clients.NetworkClient   : [Consumer clientId=consumer-product-group-2, groupId=product-group] Client requested disconnect from node 2147483646
2026-04-25T12:56:36.657+05:30  INFO 63300 --- [product-service] [ntainer#1-0-C-1] o.a.k.c.c.internals.ConsumerCoordinator  : [Consumer clientId=consumer-product-group-3, groupId=product-group] Group coordinator localhost:9092 (id: 2147483646 rack: null) is unavailable or invalid due to cause: error response NOT_COORDINATOR. isDisconnected: false. Rediscovery will be attempted.
2026-04-25T12:56:36.657+05:30  INFO 63300 --- [product-service] [ntainer#1-0-C-1] o.a.k.c.c.internals.ConsumerCoordinator  : [Consumer clientId=consumer-product-group-3, groupId=product-group] Requesting disconnect from last known coordinator localhost:9092 (id: 2147483646 rack: null)
2026-04-25T12:56:36.657+05:30  INFO 63300 --- [product-service] [ntainer#1-0-C-1] o.a.k.c.c.internals.ConsumerCoordinator  : [Consumer clientId=consumer-product-group-3, groupId=product-group] JoinGroup failed: This is not the correct coordinator. Marking coordinator unknown. Sent generation was Generation{generationId=-1, memberId='', protocol='null'}
2026-04-25T12:56:36.657+05:30  INFO 63300 --- [product-service] [ntainer#1-0-C-1] org.apache.kafka.clients.NetworkClient   : [Consumer clientId=consumer-product-group-3, groupId=product-group] Client requested disconnect from node 2147483646
2026-04-25T12:56:36.723+05:30  INFO 63300 --- [product-service] [Container-0-C-1] o.a.k.c.c.internals.ConsumerCoordinator  : [Consumer clientId=consumer-product-group-1, groupId=product-group] Discovered group coordinator localhost:9092 (id: 2147483646 rack: null)
2026-04-25T12:56:36.723+05:30  INFO 63300 --- [product-service] [ntainer#1-0-C-1] o.a.k.c.c.internals.ConsumerCoordinator  : [Consumer clientId=consumer-product-group-3, groupId=product-group] Discovered group coordinator localhost:9092 (id: 2147483646 rack: null)
2026-04-25T12:56:36.809+05:30  INFO 63300 --- [product-service] [Container-0-C-1] o.a.k.c.c.internals.ConsumerCoordinator  : [Consumer clientId=consumer-product-group-1, groupId=product-group] Request joining group due to: rebalance failed due to 'This is not the correct coordinator.' (NotCoordinatorException)
2026-04-25T12:56:36.807+05:30  INFO 63300 --- [product-service] [ntainer#1-0-C-1] o.a.k.c.c.internals.ConsumerCoordinator  : [Consumer clientId=consumer-product-group-3, groupId=product-group] Request joining group due to: rebalance failed due to 'This is not the correct coordinator.' (NotCoordinatorException)
2026-04-25T12:56:36.838+05:30  INFO 63300 --- [product-service] [ntainer#1-0-C-1] o.a.k.c.c.internals.ConsumerCoordinator  : [Consumer clientId=consumer-product-group-3, groupId=product-group] (Re-)joining group
2026-04-25T12:56:36.843+05:30  INFO 63300 --- [product-service] [Container-0-C-1] o.a.k.c.c.internals.ConsumerCoordinator  : [Consumer clientId=consumer-product-group-1, groupId=product-group] (Re-)joining group
2026-04-25T12:56:37.003+05:30  INFO 63300 --- [product-service] [ntainer#0-0-C-1] o.a.k.c.c.internals.ConsumerCoordinator  : [Consumer clientId=consumer-product-group-2, groupId=product-group] Discovered group coordinator localhost:9092 (id: 2147483646 rack: null)
2026-04-25T12:56:37.324+05:30  INFO 63300 --- [product-service] [Container-0-C-1] o.a.k.c.c.internals.ConsumerCoordinator  : [Consumer clientId=consumer-product-group-1, groupId=product-group] Group coordinator localhost:9092 (id: 2147483646 rack: null) is unavailable or invalid due to cause: error response NOT_COORDINATOR. isDisconnected: false. Rediscovery will be attempted.
2026-04-25T12:56:37.379+05:30  INFO 63300 --- [product-service] [Container-0-C-1] o.a.k.c.c.internals.ConsumerCoordinator  : [Consumer clientId=consumer-product-group-1, groupId=product-group] Requesting disconnect from last known coordinator localhost:9092 (id: 2147483646 rack: null)
2026-04-25T12:56:37.379+05:30  INFO 63300 --- [product-service] [Container-0-C-1] o.a.k.c.c.internals.ConsumerCoordinator  : [Consumer clientId=consumer-product-group-1, groupId=product-group] JoinGroup failed: This is not the correct coordinator. Marking coordinator unknown. Sent generation was Generation{generationId=-1, memberId='', protocol='null'}
2026-04-25T12:56:37.379+05:30  INFO 63300 --- [product-service] [Container-0-C-1] org.apache.kafka.clients.NetworkClient   : [Consumer clientId=consumer-product-group-1, groupId=product-group] Client requested disconnect from node 2147483646
2026-04-25T12:56:37.574+05:30  INFO 63300 --- [product-service] [ntainer#1-0-C-1] o.a.k.c.c.internals.ConsumerCoordinator  : [Consumer clientId=consumer-product-group-3, groupId=product-group] Group coordinator localhost:9092 (id: 2147483646 rack: null) is unavailable or invalid due to cause: error response NOT_COORDINATOR. isDisconnected: false. Rediscovery will be attempted.
2026-04-25T12:56:37.607+05:30  INFO 63300 --- [product-service] [ntainer#1-0-C-1] o.a.k.c.c.internals.ConsumerCoordinator  : [Consumer clientId=consumer-product-group-3, groupId=product-group] Requesting disconnect from last known coordinator localhost:9092 (id: 2147483646 rack: null)
2026-04-25T12:56:37.656+05:30  INFO 63300 --- [product-service] [ntainer#1-0-C-1] o.a.k.c.c.internals.ConsumerCoordinator  : [Consumer clientId=consumer-product-group-3, groupId=product-group] JoinGroup failed: This is not the correct coordinator. Marking coordinator unknown. Sent generation was Generation{generationId=-1, memberId='', protocol='null'}
2026-04-25T12:56:37.667+05:30  INFO 63300 --- [product-service] [ntainer#1-0-C-1] org.apache.kafka.clients.NetworkClient   : [Consumer clientId=consumer-product-group-3, groupId=product-group] Client requested disconnect from node 2147483646
2026-04-25T12:56:37.944+05:30  INFO 63300 --- [product-service] [Container-0-C-1] o.a.k.c.c.internals.ConsumerCoordinator  : [Consumer clientId=consumer-product-group-1, groupId=product-group] Discovered group coordinator localhost:9092 (id: 2147483646 rack: null)
2026-04-25T12:56:38.108+05:30  INFO 63300 --- [product-service] [ntainer#1-0-C-1] o.a.k.c.c.internals.ConsumerCoordinator  : [Consumer clientId=consumer-product-group-3, groupId=product-group] Discovered group coordinator localhost:9092 (id: 2147483646 rack: null)
2026-04-25T12:56:38.259+05:30  INFO 63300 --- [product-service] [ntainer#0-0-C-1] o.a.k.c.c.internals.ConsumerCoordinator  : [Consumer clientId=consumer-product-group-2, groupId=product-group] Attempt to heartbeat failed since coordinator localhost:9092 (id: 2147483646 rack: null) is either not started or not valid
2026-04-25T12:56:38.271+05:30  INFO 63300 --- [product-service] [ntainer#0-0-C-1] o.a.k.c.c.internals.ConsumerCoordinator  : [Consumer clientId=consumer-product-group-2, groupId=product-group] Group coordinator localhost:9092 (id: 2147483646 rack: null) is unavailable or invalid due to cause: error response NOT_COORDINATOR. isDisconnected: false. Rediscovery will be attempted.
2026-04-25T12:56:38.272+05:30  INFO 63300 --- [product-service] [ntainer#0-0-C-1] o.a.k.c.c.internals.ConsumerCoordinator  : [Consumer clientId=consumer-product-group-2, groupId=product-group] Requesting disconnect from last known coordinator localhost:9092 (id: 2147483646 rack: null)
2026-04-25T12:56:38.268+05:30  INFO 63300 --- [product-service] [Container-0-C-1] o.a.k.c.c.internals.ConsumerCoordinator  : [Consumer clientId=consumer-product-group-1, groupId=product-group] Request joining group due to: rebalance failed due to 'This is not the correct coordinator.' (NotCoordinatorException)
2026-04-25T12:56:38.268+05:30  INFO 63300 --- [product-service] [ntainer#1-0-C-1] o.a.k.c.c.internals.ConsumerCoordinator  : [Consumer clientId=consumer-product-group-3, groupId=product-group] Request joining group due to: rebalance failed due to 'This is not the correct coordinator.' (NotCoordinatorException)
2026-04-25T12:56:38.392+05:30  INFO 63300 --- [product-service] [ntainer#1-0-C-1] o.a.k.c.c.internals.ConsumerCoordinator  : [Consumer clientId=consumer-product-group-3, groupId=product-group] (Re-)joining group
2026-04-25T12:56:38.392+05:30  INFO 63300 --- [product-service] [Container-0-C-1] o.a.k.c.c.internals.ConsumerCoordinator  : [Consumer clientId=consumer-product-group-1, groupId=product-group] (Re-)joining group
2026-04-25T12:56:38.552+05:30  INFO 63300 --- [product-service] [ntainer#0-0-C-1] org.apache.kafka.clients.NetworkClient   : [Consumer clientId=consumer-product-group-2, groupId=product-group] Client requested disconnect from node 2147483646
2026-04-25T12:56:40.916+05:30  INFO 63300 --- [product-service] [ntainer#0-0-C-1] o.a.k.c.c.internals.ConsumerCoordinator  : [Consumer clientId=consumer-product-group-2, groupId=product-group] Discovered group coordinator localhost:9092 (id: 2147483646 rack: null)
2026-04-25T12:56:45.800+05:30  INFO 63300 --- [product-service] [ntainer#1-0-C-1] o.a.k.c.c.internals.ConsumerCoordinator  : [Consumer clientId=consumer-product-group-3, groupId=product-group] Group coordinator localhost:9092 (id: 2147483646 rack: null) is unavailable or invalid due to cause: error response NOT_COORDINATOR. isDisconnected: false. Rediscovery will be attempted.
2026-04-25T12:56:45.989+05:30  INFO 63300 --- [product-service] [ntainer#1-0-C-1] o.a.k.c.c.internals.ConsumerCoordinator  : [Consumer clientId=consumer-product-group-3, groupId=product-group] Requesting disconnect from last known coordinator localhost:9092 (id: 2147483646 rack: null)
2026-04-25T12:56:46.106+05:30  INFO 63300 --- [product-service] [ntainer#1-0-C-1] o.a.k.c.c.internals.ConsumerCoordinator  : [Consumer clientId=consumer-product-group-3, groupId=product-group] JoinGroup failed: This is not the correct coordinator. Marking coordinator unknown. Sent generation was Generation{generationId=-1, memberId='', protocol='null'}
2026-04-25T12:56:46.207+05:30  INFO 63300 --- [product-service] [ntainer#1-0-C-1] org.apache.kafka.clients.NetworkClient   : [Consumer clientId=consumer-product-group-3, groupId=product-group] Client requested disconnect from node 2147483646
2026-04-25T12:56:47.009+05:30  INFO 63300 --- [product-service] [Container-0-C-1] o.a.k.c.c.internals.ConsumerCoordinator  : [Consumer clientId=consumer-product-group-1, groupId=product-group] Group coordinator localhost:9092 (id: 2147483646 rack: null) is unavailable or invalid due to cause: error response NOT_COORDINATOR. isDisconnected: false. Rediscovery will be attempted.
2026-04-25T12:56:47.128+05:30  INFO 63300 --- [product-service] [Container-0-C-1] o.a.k.c.c.internals.ConsumerCoordinator  : [Consumer clientId=consumer-product-group-1, groupId=product-group] Requesting disconnect from last known coordinator localhost:9092 (id: 2147483646 rack: null)
2026-04-25T12:56:47.299+05:30  INFO 63300 --- [product-service] [Container-0-C-1] o.a.k.c.c.internals.ConsumerCoordinator  : [Consumer clientId=consumer-product-group-1, groupId=product-group] JoinGroup failed: This is not the correct coordinator. Marking coordinator unknown. Sent generation was Generation{generationId=-1, memberId='', protocol='null'}
2026-04-25T12:56:47.401+05:30  INFO 63300 --- [product-service] [Container-0-C-1] org.apache.kafka.clients.NetworkClient   : [Consumer clientId=consumer-product-group-1, groupId=product-group] Client requested disconnect from node 2147483646
2026-04-25T12:56:47.660+05:30  INFO 63300 --- [product-service] [ntainer#0-0-C-1] o.a.k.c.c.internals.ConsumerCoordinator  : [Consumer clientId=consumer-product-group-2, groupId=product-group] Attempt to heartbeat failed since coordinator localhost:9092 (id: 2147483646 rack: null) is either not started or not valid
2026-04-25T12:56:47.693+05:30  INFO 63300 --- [product-service] [ntainer#0-0-C-1] o.a.k.c.c.internals.ConsumerCoordinator  : [Consumer clientId=consumer-product-group-2, groupId=product-group] Group coordinator localhost:9092 (id: 2147483646 rack: null) is unavailable or invalid due to cause: error response NOT_COORDINATOR. isDisconnected: false. Rediscovery will be attempted.
2026-04-25T12:56:47.720+05:30  INFO 63300 --- [product-service] [ntainer#0-0-C-1] o.a.k.c.c.internals.ConsumerCoordinator  : [Consumer clientId=consumer-product-group-2, groupId=product-group] Requesting disconnect from last known coordinator localhost:9092 (id: 2147483646 rack: null)
2026-04-25T12:56:47.833+05:30  INFO 63300 --- [product-service] [| product-group] org.apache.kafka.clients.NetworkClient   : [Consumer clientId=consumer-product-group-2, groupId=product-group] Client requested disconnect from node 2147483646
2026-04-25T12:56:47.938+05:30  INFO 63300 --- [product-service] [| product-group] org.apache.kafka.clients.NetworkClient   : [Consumer clientId=consumer-product-group-2, groupId=product-group] Cancelled in-flight HEARTBEAT request with correlation id 2743 due to node 2147483646 being disconnected (elapsed time since creation: 3223ms, elapsed time since send: 527ms, request timeout: 30000ms)
2026-04-25T12:56:48.345+05:30  INFO 63300 --- [product-service] [ntainer#1-0-C-1] o.a.k.c.c.internals.ConsumerCoordinator  : [Consumer clientId=consumer-product-group-3, groupId=product-group] Discovered group coordinator localhost:9092 (id: 2147483646 rack: null)
2026-04-25T12:56:48.605+05:30  INFO 63300 --- [product-service] [ntainer#1-0-C-1] o.a.k.c.c.internals.ConsumerCoordinator  : [Consumer clientId=consumer-product-group-3, groupId=product-group] Request joining group due to: rebalance failed due to 'This is not the correct coordinator.' (NotCoordinatorException)
2026-04-25T12:56:48.812+05:30  INFO 63300 --- [product-service] [ntainer#1-0-C-1] o.a.k.c.c.internals.ConsumerCoordinator  : [Consumer clientId=consumer-product-group-3, groupId=product-group] (Re-)joining group
2026-04-25T12:56:49.160+05:30  INFO 63300 --- [product-service] [ntainer#0-0-C-1] o.a.k.c.c.internals.ConsumerCoordinator  : [Consumer clientId=consumer-product-group-2, groupId=product-group] Discovered group coordinator localhost:9092 (id: 2147483646 rack: null)
2026-04-25T12:56:49.605+05:30  INFO 63300 --- [product-service] [ntainer#0-0-C-1] o.a.k.c.c.internals.ConsumerCoordinator  : [Consumer clientId=consumer-product-group-2, groupId=product-group] Discovered group coordinator localhost:9092 (id: 2147483646 rack: null)
2026-04-25T12:56:49.605+05:30  INFO 63300 --- [product-service] [Container-0-C-1] o.a.k.c.c.internals.ConsumerCoordinator  : [Consumer clientId=consumer-product-group-1, groupId=product-group] Discovered group coordinator localhost:9092 (id: 2147483646 rack: null)
2026-04-25T12:56:50.355+05:30  INFO 63300 --- [product-service] [Container-0-C-1] o.a.k.c.c.internals.ConsumerCoordinator  : [Consumer clientId=consumer-product-group-1, groupId=product-group] Request joining group due to: rebalance failed due to 'This is not the correct coordinator.' (NotCoordinatorException)
2026-04-25T12:56:50.489+05:30  INFO 63300 --- [product-service] [Container-0-C-1] o.a.k.c.c.internals.ConsumerCoordinator  : [Consumer clientId=consumer-product-group-1, groupId=product-group] (Re-)joining group
2026-04-25T12:56:51.789+05:30  INFO 63300 --- [product-service] [ntainer#0-0-C-1] o.a.k.c.c.internals.ConsumerCoordinator  : [Consumer clientId=consumer-product-group-2, groupId=product-group] Discovered group coordinator localhost:9092 (id: 2147483646 rack: null)
2026-04-25T12:56:52.691+05:30  INFO 63300 --- [product-service] [ntainer#1-0-C-1] o.a.k.c.c.internals.ConsumerCoordinator  : [Consumer clientId=consumer-product-group-3, groupId=product-group] Group coordinator localhost:9092 (id: 2147483646 rack: null) is unavailable or invalid due to cause: error response NOT_COORDINATOR. isDisconnected: false. Rediscovery will be attempted.
2026-04-25T12:56:52.820+05:30  INFO 63300 --- [product-service] [ntainer#1-0-C-1] o.a.k.c.c.internals.ConsumerCoordinator  : [Consumer clientId=consumer-product-group-3, groupId=product-group] Requesting disconnect from last known coordinator localhost:9092 (id: 2147483646 rack: null)
2026-04-25T12:56:52.938+05:30  INFO 63300 --- [product-service] [ntainer#1-0-C-1] o.a.k.c.c.internals.ConsumerCoordinator  : [Consumer clientId=consumer-product-group-3, groupId=product-group] JoinGroup failed: This is not the correct coordinator. Marking coordinator unknown. Sent generation was Generation{generationId=-1, memberId='', protocol='null'}
2026-04-25T12:56:52.954+05:30  INFO 63300 --- [product-service] [ntainer#1-0-C-1] org.apache.kafka.clients.NetworkClient   : [Consumer clientId=consumer-product-group-3, groupId=product-group] Client requested disconnect from node 2147483646
2026-04-25T12:56:53.231+05:30  INFO 63300 --- [product-service] [ntainer#0-0-C-1] o.a.k.c.c.internals.ConsumerCoordinator  : [Consumer clientId=consumer-product-group-2, groupId=product-group] Attempt to heartbeat failed since coordinator localhost:9092 (id: 2147483646 rack: null) is either not started or not valid
2026-04-25T12:56:53.335+05:30  INFO 63300 --- [product-service] [ntainer#0-0-C-1] o.a.k.c.c.internals.ConsumerCoordinator  : [Consumer clientId=consumer-product-group-2, groupId=product-group] Group coordinator localhost:9092 (id: 2147483646 rack: null) is unavailable or invalid due to cause: error response NOT_COORDINATOR. isDisconnected: false. Rediscovery will be attempted.
2026-04-25T12:56:53.389+05:30  INFO 63300 --- [product-service] [ntainer#0-0-C-1] o.a.k.c.c.internals.ConsumerCoordinator  : [Consumer clientId=consumer-product-group-2, groupId=product-group] Requesting disconnect from last known coordinator localhost:9092 (id: 2147483646 rack: null)
2026-04-25T12:56:53.457+05:30  INFO 63300 --- [product-service] [| product-group] org.apache.kafka.clients.NetworkClient   : [Consumer clientId=consumer-product-group-2, groupId=product-group] Client requested disconnect from node 2147483646
2026-04-25T12:56:53.497+05:30  INFO 63300 --- [product-service] [ntainer#1-0-C-1] o.a.k.c.c.internals.ConsumerCoordinator  : [Consumer clientId=consumer-product-group-3, groupId=product-group] Discovered group coordinator localhost:9092 (id: 2147483646 rack: null)
2026-04-25T12:56:53.556+05:30  INFO 63300 --- [product-service] [ntainer#1-0-C-1] o.a.k.c.c.internals.ConsumerCoordinator  : [Consumer clientId=consumer-product-group-3, groupId=product-group] Request joining group due to: rebalance failed due to 'This is not the correct coordinator.' (NotCoordinatorException)
2026-04-25T12:56:53.578+05:30  INFO 63300 --- [product-service] [ntainer#1-0-C-1] o.a.k.c.c.internals.ConsumerCoordinator  : [Consumer clientId=consumer-product-group-3, groupId=product-group] (Re-)joining group
2026-04-25T12:56:54.307+05:30  INFO 63300 --- [product-service] [ntainer#0-0-C-1] o.a.k.c.c.internals.ConsumerCoordinator  : [Consumer clientId=consumer-product-group-2, groupId=product-group] Discovered group coordinator localhost:9092 (id: 2147483646 rack: null)
2026-04-25T12:56:54.307+05:30  INFO 63300 --- [product-service] [Container-0-C-1] o.a.k.c.c.internals.ConsumerCoordinator  : [Consumer clientId=consumer-product-group-1, groupId=product-group] Group coordinator localhost:9092 (id: 2147483646 rack: null) is unavailable or invalid due to cause: error response NOT_COORDINATOR. isDisconnected: false. Rediscovery will be attempted.
2026-04-25T12:56:54.502+05:30  INFO 63300 --- [product-service] [Container-0-C-1] o.a.k.c.c.internals.ConsumerCoordinator  : [Consumer clientId=consumer-product-group-1, groupId=product-group] Requesting disconnect from last known coordinator localhost:9092 (id: 2147483646 rack: null)
2026-04-25T12:56:54.599+05:30  INFO 63300 --- [product-service] [Container-0-C-1] o.a.k.c.c.internals.ConsumerCoordinator  : [Consumer clientId=consumer-product-group-1, groupId=product-group] JoinGroup failed: This is not the correct coordinator. Marking coordinator unknown. Sent generation was Generation{generationId=-1, memberId='', protocol='null'}
2026-04-25T12:56:54.688+05:30  INFO 63300 --- [product-service] [ntainer#0-0-C-1] o.a.k.c.c.internals.ConsumerCoordinator  : [Consumer clientId=consumer-product-group-2, groupId=product-group] Discovered group coordinator localhost:9092 (id: 2147483646 rack: null)
2026-04-25T12:56:54.688+05:30  INFO 63300 --- [product-service] [Container-0-C-1] org.apache.kafka.clients.NetworkClient   : [Consumer clientId=consumer-product-group-1, groupId=product-group] Client requested disconnect from node 2147483646
2026-04-25T12:56:56.550+05:30  INFO 63300 --- [product-service] [Container-0-C-1] o.a.k.c.c.internals.ConsumerCoordinator  : [Consumer clientId=consumer-product-group-1, groupId=product-group] Discovered group coordinator localhost:9092 (id: 2147483646 rack: null)
2026-04-25T12:56:56.931+05:30  INFO 63300 --- [product-service] [Container-0-C-1] o.a.k.c.c.internals.ConsumerCoordinator  : [Consumer clientId=consumer-product-group-1, groupId=product-group] Request joining group due to: rebalance failed due to 'This is not the correct coordinator.' (NotCoordinatorException)
2026-04-25T12:56:57.104+05:30  INFO 63300 --- [product-service] [Container-0-C-1] o.a.k.c.c.internals.ConsumerCoordinator  : [Consumer clientId=consumer-product-group-1, groupId=product-group] (Re-)joining group
2026-04-25T12:56:57.368+05:30  INFO 63300 --- [product-service] [ntainer#0-0-C-1] o.a.k.c.c.internals.ConsumerCoordinator  : [Consumer clientId=consumer-product-group-2, groupId=product-group] Discovered group coordinator localhost:9092 (id: 2147483646 rack: null)
2026-04-25T12:56:58.411+05:30  INFO 63300 --- [product-service] [ntainer#1-0-C-1] o.a.k.c.c.internals.ConsumerCoordinator  : [Consumer clientId=consumer-product-group-3, groupId=product-group] Group coordinator localhost:9092 (id: 2147483646 rack: null) is unavailable or invalid due to cause: error response NOT_COORDINATOR. isDisconnected: false. Rediscovery will be attempted.
2026-04-25T12:56:58.482+05:30  INFO 63300 --- [product-service] [ntainer#1-0-C-1] o.a.k.c.c.internals.ConsumerCoordinator  : [Consumer clientId=consumer-product-group-3, groupId=product-group] Requesting disconnect from last known coordinator localhost:9092 (id: 2147483646 rack: null)
2026-04-25T12:56:58.545+05:30  INFO 63300 --- [product-service] [ntainer#1-0-C-1] o.a.k.c.c.internals.ConsumerCoordinator  : [Consumer clientId=consumer-product-group-3, groupId=product-group] JoinGroup failed: This is not the correct coordinator. Marking coordinator unknown. Sent generation was Generation{generationId=-1, memberId='', protocol='null'}
2026-04-25T12:56:58.628+05:30  INFO 63300 --- [product-service] [ntainer#1-0-C-1] org.apache.kafka.clients.NetworkClient   : [Consumer clientId=consumer-product-group-3, groupId=product-group] Client requested disconnect from node 2147483646
2026-04-25T12:56:59.887+05:30  INFO 63300 --- [product-service] [ntainer#0-0-C-1] o.a.k.c.c.internals.ConsumerCoordinator  : [Consumer clientId=consumer-product-group-2, groupId=product-group] Attempt to heartbeat failed since coordinator localhost:9092 (id: 2147483646 rack: null) is either not started or not valid
2026-04-25T12:56:59.898+05:30  INFO 63300 --- [product-service] [ntainer#1-0-C-1] o.a.k.c.c.internals.ConsumerCoordinator  : [Consumer clientId=consumer-product-group-3, groupId=product-group] Discovered group coordinator localhost:9092 (id: 2147483646 rack: null)
2026-04-25T12:56:59.972+05:30  INFO 63300 --- [product-service] [ntainer#0-0-C-1] o.a.k.c.c.internals.ConsumerCoordinator  : [Consumer clientId=consumer-product-group-2, groupId=product-group] Group coordinator localhost:9092 (id: 2147483646 rack: null) is unavailable or invalid due to cause: error response NOT_COORDINATOR. isDisconnected: false. Rediscovery will be attempted.
2026-04-25T12:57:00.029+05:30  INFO 63300 --- [product-service] [ntainer#0-0-C-1] o.a.k.c.c.internals.ConsumerCoordinator  : [Consumer clientId=consumer-product-group-2, groupId=product-group] Requesting disconnect from last known coordinator localhost:9092 (id: 2147483646 rack: null)
2026-04-25T12:57:00.039+05:30  INFO 63300 --- [product-service] [| product-group] org.apache.kafka.clients.NetworkClient   : [Consumer clientId=consumer-product-group-2, groupId=product-group] Client requested disconnect from node 2147483646
2026-04-25T12:57:00.134+05:30  INFO 63300 --- [product-service] [ntainer#1-0-C-1] o.a.k.c.c.internals.ConsumerCoordinator  : [Consumer clientId=consumer-product-group-3, groupId=product-group] Request joining group due to: rebalance failed due to 'This is not the correct coordinator.' (NotCoordinatorException)
2026-04-25T12:57:00.333+05:30  INFO 63300 --- [product-service] [ntainer#1-0-C-1] o.a.k.c.c.internals.ConsumerCoordinator  : [Consumer clientId=consumer-product-group-3, groupId=product-group] (Re-)joining group
2026-04-25T12:57:00.421+05:30  INFO 63300 --- [product-service] [Container-0-C-1] o.a.k.c.c.internals.ConsumerCoordinator  : [Consumer clientId=consumer-product-group-1, groupId=product-group] Group coordinator localhost:9092 (id: 2147483646 rack: null) is unavailable or invalid due to cause: error response NOT_COORDINATOR. isDisconnected: false. Rediscovery will be attempted.
2026-04-25T12:57:00.423+05:30  INFO 63300 --- [product-service] [ntainer#0-0-C-1] o.a.k.c.c.internals.ConsumerCoordinator  : [Consumer clientId=consumer-product-group-2, groupId=product-group] Discovered group coordinator localhost:9092 (id: 2147483646 rack: null)
2026-04-25T12:57:00.483+05:30  INFO 63300 --- [product-service] [Container-0-C-1] o.a.k.c.c.internals.ConsumerCoordinator  : [Consumer clientId=consumer-product-group-1, groupId=product-group] Requesting disconnect from last known coordinator localhost:9092 (id: 2147483646 rack: null)
2026-04-25T12:57:00.644+05:30  INFO 63300 --- [product-service] [Container-0-C-1] o.a.k.c.c.internals.ConsumerCoordinator  : [Consumer clientId=consumer-product-group-1, groupId=product-group] JoinGroup failed: This is not the correct coordinator. Marking coordinator unknown. Sent generation was Generation{generationId=-1, memberId='', protocol='null'}
2026-04-25T12:57:00.783+05:30  INFO 63300 --- [product-service] [Container-0-C-1] org.apache.kafka.clients.NetworkClient   : [Consumer clientId=consumer-product-group-1, groupId=product-group] Client requested disconnect from node 2147483646
2026-04-25T12:57:00.952+05:30  INFO 63300 --- [product-service] [ntainer#0-0-C-1] o.a.k.c.c.internals.ConsumerCoordinator  : [Consumer clientId=consumer-product-group-2, groupId=product-group] Discovered group coordinator localhost:9092 (id: 2147483646 rack: null)
2026-04-25T12:57:01.622+05:30  INFO 63300 --- [product-service] [Container-0-C-1] o.a.k.c.c.internals.ConsumerCoordinator  : [Consumer clientId=consumer-product-group-1, groupId=product-group] Discovered group coordinator localhost:9092 (id: 2147483646 rack: null)
2026-04-25T12:57:01.940+05:30  INFO 63300 --- [product-service] [Container-0-C-1] o.a.k.c.c.internals.ConsumerCoordinator  : [Consumer clientId=consumer-product-group-1, groupId=product-group] Request joining group due to: rebalance failed due to 'This is not the correct coordinator.' (NotCoordinatorException)
2026-04-25T12:57:02.145+05:30  INFO 63300 --- [product-service] [Container-0-C-1] o.a.k.c.c.internals.ConsumerCoordinator  : [Consumer clientId=consumer-product-group-1, groupId=product-group] (Re-)joining group
2026-04-25T12:57:03.469+05:30  INFO 63300 --- [product-service] [ntainer#1-0-C-1] o.a.k.c.c.internals.ConsumerCoordinator  : [Consumer clientId=consumer-product-group-3, groupId=product-group] Group coordinator localhost:9092 (id: 2147483646 rack: null) is unavailable or invalid due to cause: error response NOT_COORDINATOR. isDisconnected: false. Rediscovery will be attempted.
2026-04-25T12:57:03.478+05:30  INFO 63300 --- [product-service] [ntainer#1-0-C-1] o.a.k.c.c.internals.ConsumerCoordinator  : [Consumer clientId=consumer-product-group-3, groupId=product-group] Requesting disconnect from last known coordinator localhost:9092 (id: 2147483646 rack: null)
2026-04-25T12:57:03.482+05:30  INFO 63300 --- [product-service] [ntainer#1-0-C-1] o.a.k.c.c.internals.ConsumerCoordinator  : [Consumer clientId=consumer-product-group-3, groupId=product-group] JoinGroup failed: This is not the correct coordinator. Marking coordinator unknown. Sent generation was Generation{generationId=-1, memberId='', protocol='null'}
2026-04-25T12:57:03.483+05:30  INFO 63300 --- [product-service] [ntainer#1-0-C-1] org.apache.kafka.clients.NetworkClient   : [Consumer clientId=consumer-product-group-3, groupId=product-group] Client requested disconnect from node 2147483646
2026-04-25T12:57:05.351+05:30  INFO 63300 --- [product-service] [| product-group] o.a.k.c.c.internals.ConsumerCoordinator  : [Consumer clientId=consumer-product-group-2, groupId=product-group] Attempt to heartbeat failed since coordinator localhost:9092 (id: 2147483646 rack: null) is either not started or not valid
2026-04-25T12:57:05.352+05:30  INFO 63300 --- [product-service] [ntainer#1-0-C-1] o.a.k.c.c.internals.ConsumerCoordinator  : [Consumer clientId=consumer-product-group-3, groupId=product-group] Discovered group coordinator localhost:9092 (id: 2147483646 rack: null)
2026-04-25T12:57:05.433+05:30  INFO 63300 --- [product-service] [| product-group] o.a.k.c.c.internals.ConsumerCoordinator  : [Consumer clientId=consumer-product-group-2, groupId=product-group] Group coordinator localhost:9092 (id: 2147483646 rack: null) is unavailable or invalid due to cause: error response NOT_COORDINATOR. isDisconnected: false. Rediscovery will be attempted.
2026-04-25T12:57:05.467+05:30  INFO 63300 --- [product-service] [| product-group] o.a.k.c.c.internals.ConsumerCoordinator  : [Consumer clientId=consumer-product-group-2, groupId=product-group] Requesting disconnect from last known coordinator localhost:9092 (id: 2147483646 rack: null)
2026-04-25T12:57:05.548+05:30  INFO 63300 --- [product-service] [ntainer#0-0-C-1] o.a.k.c.c.internals.ConsumerCoordinator  : [Consumer clientId=consumer-product-group-2, groupId=product-group] Attempt to heartbeat failed since coordinator null is either not started or not valid
2026-04-25T12:57:05.570+05:30  INFO 63300 --- [product-service] [ntainer#1-0-C-1] o.a.k.c.c.internals.ConsumerCoordinator  : [Consumer clientId=consumer-product-group-3, groupId=product-group] Request joining group due to: rebalance failed due to 'This is not the correct coordinator.' (NotCoordinatorException)
2026-04-25T12:57:05.572+05:30  INFO 63300 --- [product-service] [ntainer#0-0-C-1] org.apache.kafka.clients.NetworkClient   : [Consumer clientId=consumer-product-group-2, groupId=product-group] Client requested disconnect from node 2147483646
2026-04-25T12:57:05.639+05:30  INFO 63300 --- [product-service] [ntainer#1-0-C-1] o.a.k.c.c.internals.ConsumerCoordinator  : [Consumer clientId=consumer-product-group-3, groupId=product-group] (Re-)joining group
2026-04-25T12:57:06.568+05:30  INFO 63300 --- [product-service] [ntainer#0-0-C-1] o.a.k.c.c.internals.ConsumerCoordinator  : [Consumer clientId=consumer-product-group-2, groupId=product-group] Discovered group coordinator localhost:9092 (id: 2147483646 rack: null)
2026-04-25T12:57:06.979+05:30  INFO 63300 --- [product-service] [Container-0-C-1] o.a.k.c.c.internals.ConsumerCoordinator  : [Consumer clientId=consumer-product-group-1, groupId=product-group] Group coordinator localhost:9092 (id: 2147483646 rack: null) is unavailable or invalid due to cause: error response NOT_COORDINATOR. isDisconnected: false. Rediscovery will be attempted.
2026-04-25T12:57:07.003+05:30  INFO 63300 --- [product-service] [Container-0-C-1] o.a.k.c.c.internals.ConsumerCoordinator  : [Consumer clientId=consumer-product-group-1, groupId=product-group] Requesting disconnect from last known coordinator localhost:9092 (id: 2147483646 rack: null)
2026-04-25T12:57:07.003+05:30  INFO 63300 --- [product-service] [Container-0-C-1] o.a.k.c.c.internals.ConsumerCoordinator  : [Consumer clientId=consumer-product-group-1, groupId=product-group] JoinGroup failed: This is not the correct coordinator. Marking coordinator unknown. Sent generation was Generation{generationId=-1, memberId='', protocol='null'}
2026-04-25T12:57:07.004+05:30  INFO 63300 --- [product-service] [Container-0-C-1] org.apache.kafka.clients.NetworkClient   : [Consumer clientId=consumer-product-group-1, groupId=product-group] Client requested disconnect from node 2147483646
2026-04-25T12:57:07.015+05:30  INFO 63300 --- [product-service] [Container-0-C-1] o.a.k.c.c.internals.ConsumerCoordinator  : [Consumer clientId=consumer-product-group-1, groupId=product-group] Discovered group coordinator localhost:9092 (id: 2147483646 rack: null)
2026-04-25T12:57:07.015+05:30  INFO 63300 --- [product-service] [Container-0-C-1] o.a.k.c.c.internals.ConsumerCoordinator  : [Consumer clientId=consumer-product-group-1, groupId=product-group] Group coordinator localhost:9092 (id: 2147483646 rack: null) is unavailable or invalid due to cause: coordinator unavailable. isDisconnected: false. Rediscovery will be attempted.
2026-04-25T12:57:07.016+05:30  INFO 63300 --- [product-service] [Container-0-C-1] o.a.k.c.c.internals.ConsumerCoordinator  : [Consumer clientId=consumer-product-group-1, groupId=product-group] Requesting disconnect from last known coordinator localhost:9092 (id: 2147483646 rack: null)
2026-04-25T12:57:07.001+05:30  INFO 63300 --- [product-service] [ntainer#1-0-C-1] o.a.k.c.c.internals.ConsumerCoordinator  : [Consumer clientId=consumer-product-group-3, groupId=product-group] JoinGroup failed: Coordinator localhost:9092 (id: 2147483646 rack: null) is loading the group.
2026-04-25T12:57:07.029+05:30  INFO 63300 --- [product-service] [ntainer#1-0-C-1] o.a.k.c.c.internals.ConsumerCoordinator  : [Consumer clientId=consumer-product-group-3, groupId=product-group] Request joining group due to: rebalance failed due to 'The coordinator is loading and hence can't process requests.' (CoordinatorLoadInProgressException)
2026-04-25T12:57:07.141+05:30  INFO 63300 --- [product-service] [ntainer#1-0-C-1] o.a.k.c.c.internals.ConsumerCoordinator  : [Consumer clientId=consumer-product-group-3, groupId=product-group] (Re-)joining group
2026-04-25T12:57:07.144+05:30  INFO 63300 --- [product-service] [ntainer#1-0-C-1] o.a.k.c.c.internals.ConsumerCoordinator  : [Consumer clientId=consumer-product-group-3, groupId=product-group] Request joining group due to: need to re-join with the given member-id: consumer-product-group-3-9a51bf5c-ff6d-4b50-a70e-93b3ed19eab0
2026-04-25T12:57:07.145+05:30  INFO 63300 --- [product-service] [ntainer#1-0-C-1] o.a.k.c.c.internals.ConsumerCoordinator  : [Consumer clientId=consumer-product-group-3, groupId=product-group] (Re-)joining group
2026-04-25T12:57:07.149+05:30  INFO 63300 --- [product-service] [Container-0-C-1] o.a.k.c.c.internals.ConsumerCoordinator  : [Consumer clientId=consumer-product-group-1, groupId=product-group] Discovered group coordinator localhost:9092 (id: 2147483646 rack: null)
2026-04-25T12:57:07.181+05:30  INFO 63300 --- [product-service] [Container-0-C-1] o.a.k.c.c.internals.ConsumerCoordinator  : [Consumer clientId=consumer-product-group-1, groupId=product-group] Request joining group due to: rebalance failed due to 'This is not the correct coordinator.' (NotCoordinatorException)
2026-04-25T12:57:07.187+05:30  INFO 63300 --- [product-service] [Container-0-C-1] o.a.k.c.c.internals.ConsumerCoordinator  : [Consumer clientId=consumer-product-group-1, groupId=product-group] (Re-)joining group
2026-04-25T12:57:07.195+05:30  INFO 63300 --- [product-service] [Container-0-C-1] o.a.k.c.c.internals.ConsumerCoordinator  : [Consumer clientId=consumer-product-group-1, groupId=product-group] Request joining group due to: need to re-join with the given member-id: consumer-product-group-1-1cd8c127-2b84-459a-a44e-f122d665965d
2026-04-25T12:57:07.195+05:30  INFO 63300 --- [product-service] [Container-0-C-1] o.a.k.c.c.internals.ConsumerCoordinator  : [Consumer clientId=consumer-product-group-1, groupId=product-group] (Re-)joining group
2026-04-25T12:57:09.634+05:30  INFO 63300 --- [product-service] [ntainer#0-0-C-1] o.a.k.c.c.internals.ConsumerCoordinator  : [Consumer clientId=consumer-product-group-2, groupId=product-group] Request joining group due to: group is already rebalancing
2026-04-25T12:57:09.634+05:30  INFO 63300 --- [product-service] [ntainer#0-0-C-1] k.c.c.i.ConsumerRebalanceListenerInvoker : [Consumer clientId=consumer-product-group-2, groupId=product-group] Revoke previously assigned partitions inventory-response-0
2026-04-25T12:57:09.634+05:30  INFO 63300 --- [product-service] [ntainer#0-0-C-1] o.s.k.l.KafkaMessageListenerContainer    : product-group: partitions revoked: [inventory-response-0]
2026-04-25T12:57:09.634+05:30  INFO 63300 --- [product-service] [ntainer#0-0-C-1] o.a.k.c.c.internals.ConsumerCoordinator  : [Consumer clientId=consumer-product-group-2, groupId=product-group] (Re-)joining group
2026-04-25T13:39:44.571+05:30  INFO 63300 --- [product-service] [Container-0-C-1] org.apache.kafka.clients.NetworkClient   : [Consumer clientId=consumer-product-group-1, groupId=product-group] Disconnecting from node 2147483646 due to request timeout.
2026-04-25T13:39:44.571+05:30  INFO 63300 --- [product-service] [Container-0-C-1] org.apache.kafka.clients.NetworkClient   : [Consumer clientId=consumer-product-group-1, groupId=product-group] Cancelled in-flight JOIN_GROUP request with correlation id 2605 due to node 2147483646 being disconnected (elapsed time since creation: 2557375ms, elapsed time since send: 2557376ms, request timeout: 305000ms)
2026-04-25T13:39:44.571+05:30  INFO 63300 --- [product-service] [Container-0-C-1] o.a.k.c.c.internals.ConsumerCoordinator  : [Consumer clientId=consumer-product-group-1, groupId=product-group] Group coordinator localhost:9092 (id: 2147483646 rack: null) is unavailable or invalid due to cause: null. isDisconnected: true. Rediscovery will be attempted.
2026-04-25T13:39:44.572+05:30  INFO 63300 --- [product-service] [ntainer#1-0-C-1] org.apache.kafka.clients.NetworkClient   : [Consumer clientId=consumer-product-group-3, groupId=product-group] Disconnecting from node 2147483646 due to request timeout.
2026-04-25T13:39:44.573+05:30  INFO 63300 --- [product-service] [ntainer#0-0-C-1] org.apache.kafka.clients.NetworkClient   : [Consumer clientId=consumer-product-group-2, groupId=product-group] Disconnecting from node 2147483646 due to request timeout.
2026-04-25T13:39:44.573+05:30  INFO 63300 --- [product-service] [ntainer#1-0-C-1] org.apache.kafka.clients.NetworkClient   : [Consumer clientId=consumer-product-group-3, groupId=product-group] Cancelled in-flight JOIN_GROUP request with correlation id 2564 due to node 2147483646 being disconnected (elapsed time since creation: 2557427ms, elapsed time since send: 2557427ms, request timeout: 305000ms)
2026-04-25T13:39:44.574+05:30  INFO 63300 --- [product-service] [ntainer#0-0-C-1] org.apache.kafka.clients.NetworkClient   : [Consumer clientId=consumer-product-group-2, groupId=product-group] Cancelled in-flight JOIN_GROUP request with correlation id 2776 due to node 2147483646 being disconnected (elapsed time since creation: 2554938ms, elapsed time since send: 2554939ms, request timeout: 305000ms)
2026-04-25T13:39:44.574+05:30  INFO 63300 --- [product-service] [ntainer#1-0-C-1] o.a.k.c.c.internals.ConsumerCoordinator  : [Consumer clientId=consumer-product-group-3, groupId=product-group] Group coordinator localhost:9092 (id: 2147483646 rack: null) is unavailable or invalid due to cause: null. isDisconnected: true. Rediscovery will be attempted.
2026-04-25T13:39:44.574+05:30  INFO 63300 --- [product-service] [ntainer#0-0-C-1] o.a.k.c.c.internals.ConsumerCoordinator  : [Consumer clientId=consumer-product-group-2, groupId=product-group] Group coordinator localhost:9092 (id: 2147483646 rack: null) is unavailable or invalid due to cause: null. isDisconnected: true. Rediscovery will be attempted.
2026-04-25T13:39:44.577+05:30  INFO 63300 --- [product-service] [ntainer#0-0-C-1] o.a.k.c.c.internals.ConsumerCoordinator  : [Consumer clientId=consumer-product-group-2, groupId=product-group] Discovered group coordinator localhost:9092 (id: 2147483646 rack: null)
2026-04-25T13:39:44.577+05:30  INFO 63300 --- [product-service] [Container-0-C-1] o.a.k.c.c.internals.ConsumerCoordinator  : [Consumer clientId=consumer-product-group-1, groupId=product-group] Discovered group coordinator localhost:9092 (id: 2147483646 rack: null)
2026-04-25T13:39:44.577+05:30  INFO 63300 --- [product-service] [Container-0-C-1] o.a.k.c.c.internals.ConsumerCoordinator  : [Consumer clientId=consumer-product-group-1, groupId=product-group] Group coordinator localhost:9092 (id: 2147483646 rack: null) is unavailable or invalid due to cause: coordinator unavailable. isDisconnected: false. Rediscovery will be attempted.
2026-04-25T13:39:44.577+05:30  INFO 63300 --- [product-service] [Container-0-C-1] o.a.k.c.c.internals.ConsumerCoordinator  : [Consumer clientId=consumer-product-group-1, groupId=product-group] Requesting disconnect from last known coordinator localhost:9092 (id: 2147483646 rack: null)
2026-04-25T13:39:44.577+05:30  INFO 63300 --- [product-service] [ntainer#1-0-C-1] o.a.k.c.c.internals.ConsumerCoordinator  : [Consumer clientId=consumer-product-group-3, groupId=product-group] Discovered group coordinator localhost:9092 (id: 2147483646 rack: null)
2026-04-25T13:39:44.577+05:30  INFO 63300 --- [product-service] [ntainer#1-0-C-1] o.a.k.c.c.internals.ConsumerCoordinator  : [Consumer clientId=consumer-product-group-3, groupId=product-group] Group coordinator localhost:9092 (id: 2147483646 rack: null) is unavailable or invalid due to cause: coordinator unavailable. isDisconnected: false. Rediscovery will be attempted.
2026-04-25T13:39:44.577+05:30  INFO 63300 --- [product-service] [ntainer#1-0-C-1] o.a.k.c.c.internals.ConsumerCoordinator  : [Consumer clientId=consumer-product-group-3, groupId=product-group] Requesting disconnect from last known coordinator localhost:9092 (id: 2147483646 rack: null)
2026-04-25T13:39:44.577+05:30  INFO 63300 --- [product-service] [ntainer#0-0-C-1] o.a.k.c.c.internals.ConsumerCoordinator  : [Consumer clientId=consumer-product-group-2, groupId=product-group] Group coordinator localhost:9092 (id: 2147483646 rack: null) is unavailable or invalid due to cause: coordinator unavailable. isDisconnected: false. Rediscovery will be attempted.
2026-04-25T13:39:44.578+05:30  INFO 63300 --- [product-service] [ntainer#0-0-C-1] o.a.k.c.c.internals.ConsumerCoordinator  : [Consumer clientId=consumer-product-group-2, groupId=product-group] Requesting disconnect from last known coordinator localhost:9092 (id: 2147483646 rack: null)
2026-04-25T13:39:44.663+05:30  INFO 63300 --- [product-service] [ntainer#1-0-C-1] o.a.k.c.c.internals.ConsumerCoordinator  : [Consumer clientId=consumer-product-group-3, groupId=product-group] Discovered group coordinator localhost:9092 (id: 2147483646 rack: null)
2026-04-25T13:39:44.664+05:30  INFO 63300 --- [product-service] [ntainer#1-0-C-1] o.a.k.c.c.internals.ConsumerCoordinator  : [Consumer clientId=consumer-product-group-3, groupId=product-group] Request joining group due to: rebalance failed due to 'null' (DisconnectException)
2026-04-25T13:39:44.665+05:30  INFO 63300 --- [product-service] [ntainer#1-0-C-1] o.a.k.c.c.internals.ConsumerCoordinator  : [Consumer clientId=consumer-product-group-3, groupId=product-group] (Re-)joining group
2026-04-25T13:39:44.685+05:30  INFO 63300 --- [product-service] [ntainer#0-0-C-1] o.a.k.c.c.internals.ConsumerCoordinator  : [Consumer clientId=consumer-product-group-2, groupId=product-group] Discovered group coordinator localhost:9092 (id: 2147483646 rack: null)
2026-04-25T13:39:44.687+05:30  INFO 63300 --- [product-service] [ntainer#0-0-C-1] o.a.k.c.c.internals.ConsumerCoordinator  : [Consumer clientId=consumer-product-group-2, groupId=product-group] Request joining group due to: rebalance failed due to 'null' (DisconnectException)
2026-04-25T13:39:44.689+05:30  INFO 63300 --- [product-service] [ntainer#0-0-C-1] o.a.k.c.c.internals.ConsumerCoordinator  : [Consumer clientId=consumer-product-group-2, groupId=product-group] (Re-)joining group
2026-04-25T13:39:44.690+05:30  INFO 63300 --- [product-service] [Container-0-C-1] o.a.k.c.c.internals.ConsumerCoordinator  : [Consumer clientId=consumer-product-group-1, groupId=product-group] Discovered group coordinator localhost:9092 (id: 2147483646 rack: null)
2026-04-25T13:39:44.691+05:30  INFO 63300 --- [product-service] [Container-0-C-1] o.a.k.c.c.internals.ConsumerCoordinator  : [Consumer clientId=consumer-product-group-1, groupId=product-group] Request joining group due to: rebalance failed due to 'null' (DisconnectException)
2026-04-25T13:39:44.692+05:30  INFO 63300 --- [product-service] [Container-0-C-1] o.a.k.c.c.internals.ConsumerCoordinator  : [Consumer clientId=consumer-product-group-1, groupId=product-group] (Re-)joining group
2026-04-25T13:39:45.619+05:30  INFO 63300 --- [product-service] [ntainer#1-0-C-1] o.a.k.c.c.internals.ConsumerCoordinator  : [Consumer clientId=consumer-product-group-3, groupId=product-group] Successfully joined group with generation Generation{generationId=4, memberId='consumer-product-group-3-9a51bf5c-ff6d-4b50-a70e-93b3ed19eab0', protocol='range'}
2026-04-25T13:39:45.619+05:30  INFO 63300 --- [product-service] [ntainer#0-0-C-1] o.a.k.c.c.internals.ConsumerCoordinator  : [Consumer clientId=consumer-product-group-2, groupId=product-group] Successfully joined group with generation Generation{generationId=4, memberId='consumer-product-group-2-6282046d-4a8d-436e-87f0-909d58d30898', protocol='range'}
2026-04-25T13:39:45.619+05:30  INFO 63300 --- [product-service] [Container-0-C-1] o.a.k.c.c.internals.ConsumerCoordinator  : [Consumer clientId=consumer-product-group-1, groupId=product-group] Successfully joined group with generation Generation{generationId=4, memberId='consumer-product-group-1-1cd8c127-2b84-459a-a44e-f122d665965d', protocol='range'}
2026-04-25T13:39:45.621+05:30  INFO 63300 --- [product-service] [ntainer#0-0-C-1] o.a.k.c.c.internals.ConsumerCoordinator  : [Consumer clientId=consumer-product-group-2, groupId=product-group] Finished assignment for group at generation 4: {consumer-product-group-2-6282046d-4a8d-436e-87f0-909d58d30898=Assignment(partitions=[inventory-response-0]), consumer-product-group-1-1cd8c127-2b84-459a-a44e-f122d665965d=Assignment(partitions=[inventory-created-0]), consumer-product-group-3-9a51bf5c-ff6d-4b50-a70e-93b3ed19eab0=Assignment(partitions=[add-to-cart-0])}
2026-04-25T13:39:45.623+05:30  INFO 63300 --- [product-service] [ntainer#1-0-C-1] o.a.k.c.c.internals.ConsumerCoordinator  : [Consumer clientId=consumer-product-group-3, groupId=product-group] Successfully synced group in generation Generation{generationId=4, memberId='consumer-product-group-3-9a51bf5c-ff6d-4b50-a70e-93b3ed19eab0', protocol='range'}
2026-04-25T13:39:45.623+05:30  INFO 63300 --- [product-service] [Container-0-C-1] o.a.k.c.c.internals.ConsumerCoordinator  : [Consumer clientId=consumer-product-group-1, groupId=product-group] Successfully synced group in generation Generation{generationId=4, memberId='consumer-product-group-1-1cd8c127-2b84-459a-a44e-f122d665965d', protocol='range'}
2026-04-25T13:39:45.623+05:30  INFO 63300 --- [product-service] [ntainer#0-0-C-1] o.a.k.c.c.internals.ConsumerCoordinator  : [Consumer clientId=consumer-product-group-2, groupId=product-group] Successfully synced group in generation Generation{generationId=4, memberId='consumer-product-group-2-6282046d-4a8d-436e-87f0-909d58d30898', protocol='range'}
2026-04-25T13:39:45.623+05:30  INFO 63300 --- [product-service] [ntainer#1-0-C-1] o.a.k.c.c.internals.ConsumerCoordinator  : [Consumer clientId=consumer-product-group-3, groupId=product-group] Notifying assignor about the new Assignment(partitions=[add-to-cart-0])
2026-04-25T13:39:45.623+05:30  INFO 63300 --- [product-service] [Container-0-C-1] o.a.k.c.c.internals.ConsumerCoordinator  : [Consumer clientId=consumer-product-group-1, groupId=product-group] Request joining group due to: cached metadata has changed from (version7: {inventory-created=[NO_RACKS], add-to-cart=[NO_RACKS], inventory-response=[NO_RACKS]}) at the beginning of the rebalance to (version16: {inventory-created=[NO_RACKS]})
2026-04-25T13:39:45.623+05:30  INFO 63300 --- [product-service] [ntainer#1-0-C-1] k.c.c.i.ConsumerRebalanceListenerInvoker : [Consumer clientId=consumer-product-group-3, groupId=product-group] Adding newly assigned partitions: add-to-cart-0
2026-04-25T13:39:45.623+05:30  INFO 63300 --- [product-service] [ntainer#0-0-C-1] o.a.k.c.c.internals.ConsumerCoordinator  : [Consumer clientId=consumer-product-group-2, groupId=product-group] Notifying assignor about the new Assignment(partitions=[inventory-response-0])
2026-04-25T13:39:45.623+05:30  INFO 63300 --- [product-service] [Container-0-C-1] o.a.k.c.c.internals.ConsumerCoordinator  : [Consumer clientId=consumer-product-group-1, groupId=product-group] Notifying assignor about the new Assignment(partitions=[inventory-created-0])
2026-04-25T13:39:45.623+05:30  INFO 63300 --- [product-service] [ntainer#0-0-C-1] k.c.c.i.ConsumerRebalanceListenerInvoker : [Consumer clientId=consumer-product-group-2, groupId=product-group] Adding newly assigned partitions: inventory-response-0
2026-04-25T13:39:45.623+05:30  INFO 63300 --- [product-service] [Container-0-C-1] k.c.c.i.ConsumerRebalanceListenerInvoker : [Consumer clientId=consumer-product-group-1, groupId=product-group] Adding newly assigned partitions: inventory-created-0
2026-04-25T13:39:45.624+05:30  INFO 63300 --- [product-service] [ntainer#1-0-C-1] o.a.k.c.c.internals.ConsumerCoordinator  : [Consumer clientId=consumer-product-group-3, groupId=product-group] Found no committed offset for partition add-to-cart-0
2026-04-25T13:39:45.624+05:30  INFO 63300 --- [product-service] [ntainer#0-0-C-1] o.a.k.c.c.internals.ConsumerCoordinator  : [Consumer clientId=consumer-product-group-2, groupId=product-group] Found no committed offset for partition inventory-response-0
2026-04-25T13:39:45.624+05:30  INFO 63300 --- [product-service] [Container-0-C-1] o.a.k.c.c.internals.ConsumerCoordinator  : [Consumer clientId=consumer-product-group-1, groupId=product-group] Found no committed offset for partition inventory-created-0
2026-04-25T13:39:45.625+05:30  INFO 63300 --- [product-service] [ntainer#0-0-C-1] o.a.k.c.c.internals.SubscriptionState    : [Consumer clientId=consumer-product-group-2, groupId=product-group] Resetting offset for partition inventory-response-0 to position FetchPosition{offset=0, offsetEpoch=Optional.empty, currentLeader=LeaderAndEpoch{leader=Optional[localhost:9092 (id: 1 rack: null)], epoch=12}}.
2026-04-25T13:39:45.625+05:30  INFO 63300 --- [product-service] [ntainer#1-0-C-1] o.a.k.c.c.internals.SubscriptionState    : [Consumer clientId=consumer-product-group-3, groupId=product-group] Resetting offset for partition add-to-cart-0 to position FetchPosition{offset=0, offsetEpoch=Optional.empty, currentLeader=LeaderAndEpoch{leader=Optional[localhost:9092 (id: 1 rack: null)], epoch=12}}.
2026-04-25T13:39:45.625+05:30  INFO 63300 --- [product-service] [ntainer#0-0-C-1] o.s.k.l.KafkaMessageListenerContainer    : product-group: partitions assigned: [inventory-response-0]
2026-04-25T13:39:45.625+05:30  INFO 63300 --- [product-service] [Container-0-C-1] o.a.k.c.c.internals.SubscriptionState    : [Consumer clientId=consumer-product-group-1, groupId=product-group] Resetting offset for partition inventory-created-0 to position FetchPosition{offset=0, offsetEpoch=Optional.empty, currentLeader=LeaderAndEpoch{leader=Optional[localhost:9092 (id: 1 rack: null)], epoch=12}}.
2026-04-25T13:39:45.625+05:30  INFO 63300 --- [product-service] [ntainer#1-0-C-1] o.s.k.l.KafkaMessageListenerContainer    : product-group: partitions assigned: [add-to-cart-0]
2026-04-25T13:39:45.626+05:30  INFO 63300 --- [product-service] [Container-0-C-1] s.k.l.ConcurrentMessageListenerContainer : product-group: partitions assigned: [inventory-created-0]
2026-04-25T13:39:45.626+05:30  INFO 63300 --- [product-service] [Container-0-C-1] k.c.c.i.ConsumerRebalanceListenerInvoker : [Consumer clientId=consumer-product-group-1, groupId=product-group] Revoke previously assigned partitions inventory-created-0
2026-04-25T13:39:45.626+05:30  INFO 63300 --- [product-service] [Container-0-C-1] s.k.l.ConcurrentMessageListenerContainer : product-group: partitions revoked: [inventory-created-0]
2026-04-25T13:39:45.626+05:30  INFO 63300 --- [product-service] [Container-0-C-1] o.a.k.c.c.internals.ConsumerCoordinator  : [Consumer clientId=consumer-product-group-1, groupId=product-group] (Re-)joining group
2026-04-25T13:39:48.620+05:30  INFO 63300 --- [product-service] [ntainer#0-0-C-1] o.a.k.c.c.internals.ConsumerCoordinator  : [Consumer clientId=consumer-product-group-2, groupId=product-group] Request joining group due to: group is already rebalancing
2026-04-25T13:39:48.620+05:30  INFO 63300 --- [product-service] [ntainer#1-0-C-1] o.a.k.c.c.internals.ConsumerCoordinator  : [Consumer clientId=consumer-product-group-3, groupId=product-group] Request joining group due to: group is already rebalancing
2026-04-25T13:39:48.621+05:30  INFO 63300 --- [product-service] [ntainer#0-0-C-1] k.c.c.i.ConsumerRebalanceListenerInvoker : [Consumer clientId=consumer-product-group-2, groupId=product-group] Revoke previously assigned partitions inventory-response-0
2026-04-25T13:39:48.621+05:30  INFO 63300 --- [product-service] [ntainer#1-0-C-1] k.c.c.i.ConsumerRebalanceListenerInvoker : [Consumer clientId=consumer-product-group-3, groupId=product-group] Revoke previously assigned partitions add-to-cart-0
2026-04-25T13:39:48.621+05:30  INFO 63300 --- [product-service] [ntainer#0-0-C-1] o.s.k.l.KafkaMessageListenerContainer    : product-group: partitions revoked: [inventory-response-0]
2026-04-25T13:39:48.621+05:30  INFO 63300 --- [product-service] [ntainer#1-0-C-1] o.s.k.l.KafkaMessageListenerContainer    : product-group: partitions revoked: [add-to-cart-0]
2026-04-25T13:39:48.621+05:30  INFO 63300 --- [product-service] [ntainer#0-0-C-1] o.a.k.c.c.internals.ConsumerCoordinator  : [Consumer clientId=consumer-product-group-2, groupId=product-group] (Re-)joining group
2026-04-25T13:39:48.621+05:30  INFO 63300 --- [product-service] [ntainer#1-0-C-1] o.a.k.c.c.internals.ConsumerCoordinator  : [Consumer clientId=consumer-product-group-3, groupId=product-group] (Re-)joining group
2026-04-25T13:39:48.623+05:30  INFO 63300 --- [product-service] [ntainer#0-0-C-1] o.a.k.c.c.internals.ConsumerCoordinator  : [Consumer clientId=consumer-product-group-2, groupId=product-group] Successfully joined group with generation Generation{generationId=5, memberId='consumer-product-group-2-6282046d-4a8d-436e-87f0-909d58d30898', protocol='range'}
2026-04-25T13:39:48.623+05:30  INFO 63300 --- [product-service] [Container-0-C-1] o.a.k.c.c.internals.ConsumerCoordinator  : [Consumer clientId=consumer-product-group-1, groupId=product-group] Successfully joined group with generation Generation{generationId=5, memberId='consumer-product-group-1-1cd8c127-2b84-459a-a44e-f122d665965d', protocol='range'}
2026-04-25T13:39:48.623+05:30  INFO 63300 --- [product-service] [ntainer#1-0-C-1] o.a.k.c.c.internals.ConsumerCoordinator  : [Consumer clientId=consumer-product-group-3, groupId=product-group] Successfully joined group with generation Generation{generationId=5, memberId='consumer-product-group-3-9a51bf5c-ff6d-4b50-a70e-93b3ed19eab0', protocol='range'}
2026-04-25T13:39:48.634+05:30  INFO 63300 --- [product-service] [ntainer#0-0-C-1] o.a.k.c.c.internals.ConsumerCoordinator  : [Consumer clientId=consumer-product-group-2, groupId=product-group] Finished assignment for group at generation 5: {consumer-product-group-2-6282046d-4a8d-436e-87f0-909d58d30898=Assignment(partitions=[inventory-response-0]), consumer-product-group-1-1cd8c127-2b84-459a-a44e-f122d665965d=Assignment(partitions=[inventory-created-0]), consumer-product-group-3-9a51bf5c-ff6d-4b50-a70e-93b3ed19eab0=Assignment(partitions=[add-to-cart-0])}
2026-04-25T13:39:48.637+05:30  INFO 63300 --- [product-service] [ntainer#0-0-C-1] o.a.k.c.c.internals.ConsumerCoordinator  : [Consumer clientId=consumer-product-group-2, groupId=product-group] Successfully synced group in generation Generation{generationId=5, memberId='consumer-product-group-2-6282046d-4a8d-436e-87f0-909d58d30898', protocol='range'}
2026-04-25T13:39:48.637+05:30  INFO 63300 --- [product-service] [Container-0-C-1] o.a.k.c.c.internals.ConsumerCoordinator  : [Consumer clientId=consumer-product-group-1, groupId=product-group] Successfully synced group in generation Generation{generationId=5, memberId='consumer-product-group-1-1cd8c127-2b84-459a-a44e-f122d665965d', protocol='range'}
2026-04-25T13:39:48.637+05:30  INFO 63300 --- [product-service] [ntainer#1-0-C-1] o.a.k.c.c.internals.ConsumerCoordinator  : [Consumer clientId=consumer-product-group-3, groupId=product-group] Successfully synced group in generation Generation{generationId=5, memberId='consumer-product-group-3-9a51bf5c-ff6d-4b50-a70e-93b3ed19eab0', protocol='range'}
2026-04-25T13:39:48.637+05:30  INFO 63300 --- [product-service] [ntainer#0-0-C-1] o.a.k.c.c.internals.ConsumerCoordinator  : [Consumer clientId=consumer-product-group-2, groupId=product-group] Notifying assignor about the new Assignment(partitions=[inventory-response-0])
2026-04-25T13:39:48.637+05:30  INFO 63300 --- [product-service] [ntainer#0-0-C-1] k.c.c.i.ConsumerRebalanceListenerInvoker : [Consumer clientId=consumer-product-group-2, groupId=product-group] Adding newly assigned partitions: inventory-response-0
2026-04-25T13:39:48.637+05:30  INFO 63300 --- [product-service] [Container-0-C-1] o.a.k.c.c.internals.ConsumerCoordinator  : [Consumer clientId=consumer-product-group-1, groupId=product-group] Notifying assignor about the new Assignment(partitions=[inventory-created-0])
2026-04-25T13:39:48.637+05:30  INFO 63300 --- [product-service] [ntainer#1-0-C-1] o.a.k.c.c.internals.ConsumerCoordinator  : [Consumer clientId=consumer-product-group-3, groupId=product-group] Notifying assignor about the new Assignment(partitions=[add-to-cart-0])
2026-04-25T13:39:48.638+05:30  INFO 63300 --- [product-service] [ntainer#1-0-C-1] k.c.c.i.ConsumerRebalanceListenerInvoker : [Consumer clientId=consumer-product-group-3, groupId=product-group] Adding newly assigned partitions: add-to-cart-0
2026-04-25T13:39:48.638+05:30  INFO 63300 --- [product-service] [Container-0-C-1] k.c.c.i.ConsumerRebalanceListenerInvoker : [Consumer clientId=consumer-product-group-1, groupId=product-group] Adding newly assigned partitions: inventory-created-0
2026-04-25T13:39:48.638+05:30  INFO 63300 --- [product-service] [ntainer#0-0-C-1] o.a.k.c.c.internals.ConsumerCoordinator  : [Consumer clientId=consumer-product-group-2, groupId=product-group] Found no committed offset for partition inventory-response-0
2026-04-25T13:39:48.639+05:30  INFO 63300 --- [product-service] [Container-0-C-1] o.a.k.c.c.internals.ConsumerCoordinator  : [Consumer clientId=consumer-product-group-1, groupId=product-group] Found no committed offset for partition inventory-created-0
2026-04-25T13:39:48.639+05:30  INFO 63300 --- [product-service] [ntainer#1-0-C-1] o.a.k.c.c.internals.ConsumerCoordinator  : [Consumer clientId=consumer-product-group-3, groupId=product-group] Found no committed offset for partition add-to-cart-0
2026-04-25T13:39:48.639+05:30  INFO 63300 --- [product-service] [ntainer#0-0-C-1] o.a.k.c.c.internals.SubscriptionState    : [Consumer clientId=consumer-product-group-2, groupId=product-group] Resetting offset for partition inventory-response-0 to position FetchPosition{offset=0, offsetEpoch=Optional.empty, currentLeader=LeaderAndEpoch{leader=Optional[localhost:9092 (id: 1 rack: null)], epoch=12}}.
2026-04-25T13:39:48.639+05:30  INFO 63300 --- [product-service] [ntainer#0-0-C-1] o.s.k.l.KafkaMessageListenerContainer    : product-group: partitions assigned: [inventory-response-0]
2026-04-25T13:39:48.640+05:30  INFO 63300 --- [product-service] [ntainer#1-0-C-1] o.a.k.c.c.internals.SubscriptionState    : [Consumer clientId=consumer-product-group-3, groupId=product-group] Resetting offset for partition add-to-cart-0 to position FetchPosition{offset=0, offsetEpoch=Optional.empty, currentLeader=LeaderAndEpoch{leader=Optional[localhost:9092 (id: 1 rack: null)], epoch=12}}.
2026-04-25T13:39:48.640+05:30  INFO 63300 --- [product-service] [Container-0-C-1] o.a.k.c.c.internals.SubscriptionState    : [Consumer clientId=consumer-product-group-1, groupId=product-group] Resetting offset for partition inventory-created-0 to position FetchPosition{offset=0, offsetEpoch=Optional.empty, currentLeader=LeaderAndEpoch{leader=Optional[localhost:9092 (id: 1 rack: null)], epoch=12}}.
2026-04-25T13:39:48.640+05:30  INFO 63300 --- [product-service] [ntainer#1-0-C-1] o.s.k.l.KafkaMessageListenerContainer    : product-group: partitions assigned: [add-to-cart-0]
2026-04-25T13:39:48.640+05:30  INFO 63300 --- [product-service] [Container-0-C-1] s.k.l.ConcurrentMessageListenerContainer : product-group: partitions assigned: [inventory-created-0]
2026-04-25T13:39:57.323+05:30  INFO 63300 --- [product-service] [beatExecutor-%d] com.netflix.discovery.DiscoveryClient    : DiscoveryClient_PRODUCT-SERVICE/10.96.131.185:product-service:8084 - Re-registering apps/PRODUCT-SERVICE
2026-04-25T13:39:57.323+05:30  INFO 63300 --- [product-service] [beatExecutor-%d] com.netflix.discovery.DiscoveryClient    : DiscoveryClient_PRODUCT-SERVICE/10.96.131.185:product-service:8084: registering service...
2026-04-25T13:39:57.331+05:30  INFO 63300 --- [product-service] [beatExecutor-%d] com.netflix.discovery.DiscoveryClient    : DiscoveryClient_PRODUCT-SERVICE/10.96.131.185:product-service:8084 - registration status: 204
2026-04-25T13:43:00.886+05:30  INFO 63300 --- [product-service] [rap-executor-%d] c.n.d.s.r.aws.ConfigClusterResolver      : Resolving eureka endpoints via configuration
2026-04-25T13:48:00.888+05:30  INFO 63300 --- [product-service] [rap-executor-%d] c.n.d.s.r.aws.ConfigClusterResolver      : Resolving eureka endpoints via configuration
2026-04-25T13:53:00.889+05:30  INFO 63300 --- [product-service] [rap-executor-%d] c.n.d.s.r.aws.ConfigClusterResolver      : Resolving eureka endpoints via configuration
2026-04-25T13:58:00.890+05:30  INFO 63300 --- [product-service] [rap-executor-%d] c.n.d.s.r.aws.ConfigClusterResolver      : Resolving eureka endpoints via configuration
2026-04-25T14:03:00.891+05:30  INFO 63300 --- [product-service] [rap-executor-%d] c.n.d.s.r.aws.ConfigClusterResolver      : Resolving eureka endpoints via configuration
2026-04-25T14:08:00.892+05:30  INFO 63300 --- [product-service] [rap-executor-%d] c.n.d.s.r.aws.ConfigClusterResolver      : Resolving eureka endpoints via configuration
2026-04-25T14:13:00.893+05:30  INFO 63300 --- [product-service] [rap-executor-%d] c.n.d.s.r.aws.ConfigClusterResolver      : Resolving eureka endpoints via configuration
[[1;34mINFO[m] [1m------------------------------------------------------------------------[m
[[1;34mINFO[m] [1;31mBUILD FAILURE[m
[[1;34mINFO[m] [1m------------------------------------------------------------------------[m
[[1;34mINFO[m] Total time:  01:44 h
[[1;34mINFO[m] Finished at: 2026-04-25T14:15:20+05:30
[[1;34mINFO[m] [1m------------------------------------------------------------------------[m
[[1;31mERROR[m] Failed to execute goal [32morg.springframework.boot:spring-boot-maven-plugin:3.3.3:run[m [1m(default-cli)[m on project [36mproductService[m: [1;31mProcess terminated with exit code: 137[m -> [1m[Help 1][m
[[1;31mERROR[m] 
[[1;31mERROR[m] To see the full stack trace of the errors, re-run Maven with the [1m-e[m switch.
[[1;31mERROR[m] Re-run Maven using the [1m-X[m switch to enable full debug logging.
[[1;31mERROR[m] 
[[1;31mERROR[m] For more information about the errors and possible solutions, please read the following articles:
[[1;31mERROR[m] [1m[Help 1][m http://cwiki.apache.org/confluence/display/MAVEN/MojoExecutionException
